920,30,"数据分析,风险控制,模型",1,1,0,0,5/7/15 3:05,99,99,99,84,99,99,9
921,31,"新能源,风力发电,风能,风电,光伏",1,1,0,0,5/7/15 3:05,99,99,99,84,99,99,9
922,29,"智能管理,前端感知",1,1,0,0,5/7/15 3:05,99,99,99,84,99,99,9
923,32,移动互联网,1,1,0,0,5/7/15 3:05,99,99,99,84,99,99,9
924,36,"环保,新能源,电缆,电缆上游,电缆下游",1,1,0,0,5/7/15 3:05,99,99,99,84,99,99,9
925,40,"通讯,5G",1,1,0,0,5/7/15 3:05,99,99,99,84,99,99,9
926,34,第三方支付,1,1,0,0,5/7/15 3:05,99,99,99,84,99,99,9
927,35,"新材料,半导体封装",1,1,0,0,5/7/15 3:05,99,99,99,84,99,99,9
928,43,"军工,模拟仿真,雷达",1,1,0,0,5/7/15 3:05,99,99,99,84,99,99,9
929,41,"环境保护,节能减排,水污染处理",1,1,0,0,5/7/15 3:05,99,99,99,84,99,99,9
930,28,"智能照明,照明系统控制",1,1,0,0,5/7/15 3:05,99,99,99,84,99,99,9
931,42,"航空航天,卫星",1,1,0,0,5/7/15 3:05,99,99,99,84,99,99,9
932,55,"海外节能环保,节能环保",1,1,0,0,5/7/15 3:05,99,99,99,212,99,99,9
933,50,"海外节能环保,节能环保",1,1,0,0,5/7/15 3:05,99,99,99,212,99,99,9
934,57,"智能监控,安防",1,1,0,0,5/7/15 3:05,99,99,99,84,99,99,9
935,44,"手机游戏开发,手游开发,手机游戏,手游,在线教育,职业教育,大数据,影视",1,1,0,0,5/7/15 3:05,99,99,99,84,99,99,9
936,45,"游戏,综艺节目内容,节目内容,内容营销,户外广告互联网,互联网流量平台,互联网流量入口,流量入口",1,1,0,0,5/7/15 3:05,99,99,99,84,99,99,9
937,48,"游戏,教育",1,1,0,0,5/7/15 3:05,99,99,99,84,99,99,9
938,49,"o2o,电子商务",1,1,0,0,5/7/15 3:05,99,99,99,84,99,99,9
939,59,"TMT,电信增值服务,电信增值,安防监控,网络传媒,移动应用,移动营销",1,1,0,0,5/7/15 3:05,99,99,99,84,99,99,9
940,56,"海外,智能识别,移动支付,物联网",1,1,0,0,5/7/15 3:05,99,99,99,212,99,99,9
940,56,"海外,智能识别,移动支付,物联网",1,1,0,0,5/7/15 3:05,99,99,99,211,99,99,9
940,56,"海外,智能识别,移动支付,物联网",1,1,0,0,5/7/15 3:05,99,99,99,3,99,99,9
940,56,"海外,智能识别,移动支付,物联网",1,1,0,0,5/7/15 3:05,99,99,99,127,99,99,9
941,61,"数据安全,网络安全,云计算,大数据",1,1,0,0,5/7/15 3:05,99,99,99,84,99,99,9
942,58,"K12,K12教育,移动端教育,教育App,教育",1,1,0,0,5/7/15 3:05,99,99,99,84,99,99,9
943,64,互联网金融,1,1,0,0,5/7/15 3:05,99,99,99,84,99,99,9
944,2152,"节能,传统路线节能,医疗,智慧医疗,交通,智慧交通,智慧城市",1,1,0,0,5/7/15 3:05,99,99,99,84,99,99,9
945,13061,"北美石油装备,北美工程技术服务,北美EPC总包",1,1,0,0,5/7/15 3:05,99,99,99,212,99,99,9
945,13061,"北美石油装备,北美工程技术服务,北美EPC总包",1,1,0,0,5/7/15 3:05,99,99,99,211,99,99,9
946,12509,"移动营销,媒体资源类营销,媒体营销,媒体移动营销",1,1,0,0,5/7/15 3:05,99,99,99,84,99,99,9
947,1659,"在线医疗,可穿戴设备",1,1,0,0,5/7/15 3:05,99,99,99,84,99,99,9
948,38,"移动互联网,儿童游戏,儿童教育,儿童娱乐,互动娱乐,手游,手机娱乐,无线音乐,手机游戏,互联网",1,1,0,0,5/7/15 3:05,99,99,99,84,99,99,9
949,13766,"营养品,承认营养品,营养配方粉,儿童奶粉,医疗器械,医疗器械耗材,人工晶体,医疗激光器械,IVD,血液检测,床边诊断,成熟制药,",1,1,0,0,5/7/15 3:05,99,99,99,84,99,99,9
950,1945,"汽车运营,旅游服务,房地产开发,发电",1,1,0,0,5/7/15 3:05,99,99,99,84,99,99,9
951,1760,"有色金属,有色金属矿产",1,1,0,0,5/7/15 3:05,99,99,99,84,99,99,9
952,1707,"酒店,手游,页游,旅游,物业,文化演艺,旅游地产",1,1,0,0,5/7/15 3:05,99,99,99,84,99,99,9
953,2021,"移动医疗,民营医院,医疗,医药,地产结构化产品",1,1,0,0,5/7/15 3:05,99,99,99,84,99,99,9
954,1914,"日化,化工,环保,日化上下游,环保上下游,化工上下游",1,1,0,0,5/7/15 3:05,99,99,99,84,99,99,9
955,13036,高端制造,1,1,0,0,5/7/15 3:05,99,99,99,84,99,99,9
956,1361,"金融控股,金融",1,1,0,0,5/7/15 3:05,99,99,99,84,99,99,9
957,12798,在线教育,1,1,0,0,5/7/15 3:05,99,99,99,84,99,99,9
958,2583,"互联网金融,融资租赁,节能减排,电子商务,电商",1,1,0,0,5/7/15 3:05,99,99,99,84,99,99,9
959,12741,糖类原材料,1,1,0,0,5/7/15 3:05,99,99,99,84,99,99,9
960,13120,"制造业,环保",1,1,0,0,5/7/15 3:05,99,99,99,84,99,99,9
961,1489,"化工领域,化工",1,1,0,0,5/7/15 3:05,99,99,99,84,99,99,9
962,12942,磁性材料,1,1,0,0,5/7/15 3:05,99,99,99,84,99,99,9
963,2573,"化工,机械,新材料,海外",1,1,0,0,5/7/15 3:05,99,99,99,212,99,99,9
963,2573,"化工,机械,新材料",1,1,0,0,5/7/15 3:05,99,99,99,212,99,99,9
964,1690,"运动器材,康复辅助器材,计算机配件,铝挤型锻造成型",1,1,0,0,5/7/15 3:05,99,99,99,84,99,99,9
965,12758,"医疗器械,养老医疗器械,护理医疗器械,设备耗材",1,1,0,0,5/7/15 3:05,99,99,99,84,99,99,9
966,12705,数字营销,1,1,0,0,5/7/15 3:05,99,99,99,84,99,99,9
967,2244,"医疗器械,智能控制器,智能控制器设备制造,智能控制器设备",1,1,0,0,5/7/15 3:05,99,99,99,84,99,99,9
968,12580,"医疗,医疗检测,超声波,生化诊断,移动医疗",1,1,0,0,5/7/15 3:05,99,99,99,84,99,99,9
969,12498,"在线医疗,可穿戴设备",1,1,0,0,5/7/15 3:05,99,99,99,84,99,99,9
970,2587,"微电技术,微电声",1,1,0,0,5/7/15 3:05,99,99,99,84,99,99,9
971,1920,"锂电池,锂电池产业链",1,1,0,0,5/7/15 3:05,99,99,99,84,99,99,9
972,2113,"流量入口平台,高利润软件,软件开发,TMT,软件外包",1,1,0,0,5/7/15 3:05,99,99,99,84,99,99,9
973,13092,智能家居,1,1,0,0,5/7/15 3:05,99,99,99,84,99,99,9
974,2559,"蓝宝石加工,蓝宝石原材料",1,1,0,0,5/7/15 3:05,99,99,99,84,99,99,9
975,2242,"汽车缓速器,汽车缓速器研发,汽车缓速器制造,电涡流缓速器",1,1,0,0,5/7/15 3:05,99,99,99,84,99,99,9
976,13029,互联网,1,1,0,0,5/7/15 3:05,99,99,99,84,99,99,9
977,1543,"光电子器件,电子器件",1,1,0,0,5/7/15 3:05,99,99,99,84,99,99,9
978,12920,"风电技术,水电技术,光伏技术,太阳能技术,生物电技术,新能源,节能环保",1,1,0,0,5/7/15 3:05,99,99,99,84,99,99,9
979,2191,"办公自动化,TMT,在线营销,游戏",1,1,0,0,5/7/15 3:05,99,99,99,84,99,99,9
980,12810,"海外,服饰",1,1,0,0,5/7/15 3:05,99,99,99,84,99,99,9
981,12643,风电,1,1,0,0,5/7/15 3:05,99,99,99,84,99,99,9
982,2049,"阿胶上游产业链,驴皮",1,1,0,0,5/7/15 3:05,99,99,99,84,99,99,9
983,1684,"肿瘤医院,抗肿瘤,生物医药,医药",1,1,0,0,5/7/15 3:05,99,99,99,84,99,99,9
984,1882,"中成药,医药",1,1,0,0,5/7/15 3:05,99,99,99,84,99,99,9
985,1755,"肝病诊疗,肝病,诊疗,医药",1,1,0,0,5/7/15 3:05,99,99,99,84,99,99,9
986,574,"中药材,中药,药材,医药",1,1,0,0,5/7/15 3:05,99,99,99,84,99,99,9
987,1602,"苗药,中药材,中药,药材,医药",1,1,0,0,5/7/15 3:05,99,99,99,84,99,99,9
988,1600,"中成药,生物药,化学药,中药,药材,医药",1,1,0,0,5/7/15 3:05,99,99,99,84,99,99,9
989,1738,"医药中间体,原料药,中小只要企业,血液制品,医药",1,1,0,0,5/7/15 3:05,99,99,99,84,99,99,9
990,1409,"OTC,抗肿瘤,心脑血管,呼吸道,处方药,医药,中成药",1,1,0,0,5/7/15 3:05,99,99,99,84,99,99,9
991,1860,"医疗服务,医药流通企业,医药流通,医药",1,1,0,0,5/7/15 3:05,99,99,99,84,99,99,9
992,1952,"中成药,生物药,地区性医药商业,中药,药材,医药",1,1,0,0,5/7/15 3:05,99,99,99,84,99,99,9
993,1863,"湖南药店,安徽药店,保健品,医药,中药,药材",1,1,0,0,5/7/15 3:05,99,99,99,84,99,99,9
994,2552,"中药,植物药,OTC,处方药,药材,医药",1,1,0,0,5/7/15 3:05,99,99,99,84,99,99,9
995,1872,"医院,中药产业链,中药,医药",1,1,0,0,5/7/15 3:05,99,99,99,84,99,99,9
996,1924,"医疗服务,医药",1,1,0,0,5/7/15 3:05,99,99,99,84,99,99,9
997,2015,"制药企业,医药企业,医药",1,1,0,0,5/7/15 3:05,99,99,99,84,99,99,9
998,1542,"药材经营,人参,药材,医药,中药",1,1,0,0,5/7/15 3:05,99,99,99,84,99,99,9
999,1675,"新药,大输液,国家一类新药,治疗型输液,营养型输液,医药",1,1,0,0,5/7/15 3:05,99,99,99,84,99,99,9
1000,2080,"心脑血管中成药,老年痴呆中成药,医药研发,医药",1,1,0,0,5/7/15 3:05,99,99,99,84,99,99,9
1001,1609,"中成药,中药,医药",1,1,0,0,5/7/15 3:05,99,99,99,84,99,99,9
1002,2256,"心脑血管,肿瘤,呼吸系统,糖尿病,专利中药,医药,医药研发",1,1,0,0,5/7/15 3:05,99,99,99,84,99,99,9
1003,1610,"心脑血管,肿瘤,医保产品,医药",1,1,0,0,5/7/15 3:05,99,99,99,84,99,99,9
1004,2526,"营养补充剂,医疗材料,手术材料,营养补充",1,1,0,0,5/7/15 3:05,99,99,99,84,99,99,9
1005,2168,"医药研发,药品生产,医药,药品",1,1,0,0,5/7/15 3:05,99,99,99,84,99,99,9
1006,2377,"中药注射剂,聚集中药,剥离化学药,化学药,注射剂,医药",1,1,0,0,5/7/15 3:05,99,99,99,84,99,99,9
1007,2577,"制药企业,制药,医药",1,1,0,0,5/7/15 3:05,99,99,99,84,99,99,9
1008,1868,连锁药店,1,1,0,0,5/7/15 3:05,99,99,99,84,99,99,9
1009,12488,可穿戴设备,1,1,0,0,5/7/15 3:05,99,99,99,84,99,99,9
1010,12750,医疗器械,1,1,0,0,5/7/15 3:05,99,99,99,84,99,99,9
1011,12860,"无菌隔离,配液系统",1,1,0,0,5/7/15 3:05,99,99,99,84,99,99,9
1012,12480,GGVadvise,1,1,0,0,5/7/15 3:05,99,99,99,84,99,99,9
1013,12847,"骨科,心血管,运动医学,医疗器械,医疗服务",1,1,0,0,5/7/15 3:05,99,99,99,84,99,99,9
1014,12706,心脏支架,1,1,0,0,5/7/15 3:05,99,99,99,84,99,99,9
1015,12938,生物传感,1,1,0,0,5/7/15 3:05,99,99,99,84,99,99,9
1016,12915,"医疗器械,制药装备,医疗服务,医药",1,1,0,0,5/7/15 3:05,99,99,99,84,99,99,9
1017,12665,"医疗耗材,医疗",1,1,0,0,5/7/15 3:05,99,99,99,84,99,99,9
1018,1203,"眼科设备,眼科药品,眼科",1,1,0,0,5/7/15 3:05,99,99,99,84,99,99,9
1019,1640,"品牌医药,医药",1,1,0,0,5/7/15 3:05,99,99,99,84,99,99,9
1020,2400,"牙科,齿科",1,1,0,0,5/7/15 3:05,99,99,99,84,99,99,9
1021,1829,"生物制品,生物制药,生物制剂",1,1,0,0,5/7/15 3:05,99,99,99,84,99,99,9
1022,1458,"基因工程,生物芯片",1,1,0,0,5/7/15 3:05,99,99,99,84,99,99,9
1023,2107,"医药工业,医药",1,1,0,0,5/7/15 3:05,99,99,99,84,99,99,9
1024,1701,"疫苗,血液制品",1,1,0,0,5/7/15 3:05,99,99,99,84,99,99,9
1025,2124,"诊断试剂,血筛,诊断",1,1,0,0,5/7/15 3:05,99,99,99,84,99,99,9
1026,1286,"诊断试剂,诊断仪器,食品检测,诊断",1,1,0,0,5/7/15 3:05,99,99,99,84,99,99,9
1027,2137,"疫苗,血液制品",1,1,0,0,5/7/15 3:05,99,99,99,84,99,99,9
1028,2311,"药品,医药",1,1,0,0,5/7/15 3:05,99,99,99,84,99,99,9
1029,1299,"疫苗,单抗,基因工程",1,1,0,0,5/7/15 3:05,99,99,99,84,99,99,9
1030,1303,"疫苗,血液制品",1,1,0,0,5/7/15 3:05,99,99,99,84,99,99,9
1031,2407,"疫苗研发,疫苗",1,1,0,0,5/7/15 3:05,99,99,99,84,99,99,9
1032,1440,"肺炎疫苗,流感疫苗,疫苗",1,1,0,0,5/7/15 3:05,99,99,99,84,99,99,9
1033,2631,干细胞,1,1,0,0,5/7/15 3:05,99,99,99,84,99,99,9
1034,23046,"中小型药企,制药,药企",1,1,0,0,5/7/15 3:05,99,99,99,84,99,99,9
1035,1260,"对比剂生产,对比剂",1,1,0,0,5/7/15 3:05,99,99,99,84,99,99,9
1036,1803,"江苏区域,江苏地区",1,1,0,0,5/7/15 3:05,99,99,99,84,99,99,9
1037,1512,药品原料,1,1,0,0,5/7/15 3:05,99,99,99,84,99,99,9
1038,2694,制药,1,1,0,0,5/7/15 3:05,99,99,99,84,99,99,9
1039,2358,"中药饮片,中药配方颗粒",1,1,0,0,5/7/15 3:05,99,99,99,84,99,99,9
1040,1705,大输液,1,1,0,0,5/7/15 3:05,99,99,99,84,99,99,9
1041,1408,"心脑血管,内分泌,大输液,儿科用药,海外",1,1,0,0,5/7/15 3:05,99,99,99,84,99,99,9
1042,1866,"医药,医药研发,医药技术",1,1,0,0,5/7/15 3:05,99,99,99,84,99,99,9
1043,1620,"儿童药品,儿童药品生产,儿童保健品",1,1,0,0,5/7/15 3:05,99,99,99,84,99,99,9
1044,2271,"药业上游,原材料,原包材",1,1,0,0,5/7/15 3:05,99,99,99,84,99,99,9
1045,2157,"化学药制剂,抗生素,化学药,医药,医药生产",1,1,0,0,5/7/15 3:05,99,99,99,84,99,99,9
1046,1730,"中成药,化学药,生物制品",1,1,0,0,5/7/15 3:05,99,99,99,84,99,99,9
1047,1624,"多肽药品,医药",1,1,0,0,5/7/15 3:05,99,99,99,84,99,99,9
1048,1644,"中枢神经治疗,中枢神经",1,1,0,0,5/7/15 3:05,99,99,99,84,99,99,9
1049,2505,"中成药,生物药,化学药",1,1,0,0,5/7/15 3:05,99,99,99,84,99,99,9
1050,2206,肝素原药,1,1,0,0,5/7/15 3:05,99,99,99,84,99,99,9
1051,2571,美国,1,1,0,0,5/7/15 3:05,99,99,99,84,99,99,9
1052,2060,"原料药,化学制剂",1,1,0,0,5/7/15 3:05,99,99,99,84,99,99,9
1053,2575,"制剂,中药",1,1,0,0,5/7/15 3:05,99,99,99,84,99,99,9
1054,1199,"药物活性原料,中间体,精细化学品定制,医疗服务",1,1,0,0,5/7/15 3:05,99,99,99,84,99,99,9
1055,1061,"药业生产,药品生产,医药,药业",1,1,0,0,5/7/15 3:05,99,99,99,84,99,99,9
1056,404,"生活质量改善,人类健康,农业项目,提供现金流",1,1,0,0,5/7/15 3:05,99,99,99,84,99,99,9
1057,1434,"连锁药店,药店",1,1,0,0,5/7/15 3:05,99,99,99,84,99,99,9
1058,515,"欧美知名品牌,海外知名品牌,药品零售,龙头企业",1,1,0,0,5/7/15 3:05,99,99,99,84,99,99,9
1059,574,"注射剂,生物制药,制药,药店,连锁药店,连锁药房",1,1,0,0,5/7/15 3:05,99,99,99,84,99,99,9
1060,23209,"医院资产,医院",1,1,0,0,5/7/15 3:05,99,99,99,84,99,99,9
1061,5372,"药品批发,合资",1,1,0,0,5/7/15 3:05,99,99,99,84,99,99,9
1062,887,"氨基酸制造,氨基酸,保健品",1,1,0,0,5/7/15 3:05,99,99,99,84,99,99,9
1063,1092,内地医疗,1,1,0,0,5/7/15 3:05,99,99,99,84,99,99,9
1064,1061,"药厂,医药生物",1,1,0,0,5/7/15 3:05,99,99,99,84,99,99,9
1065,346,"西部,四川,制药公司,中药注射,儿童用药,心脑血管",1,1,0,0,5/7/15 3:05,99,99,99,84,99,99,9
1066,2603,过敏性疾病,1,1,0,0,5/7/15 3:05,99,99,99,84,99,99,9
1067,346,儿童药,1,1,0,0,5/7/15 3:05,99,99,99,84,99,99,9
1068,976,保健服务,1,1,0,0,5/7/15 3:05,99,99,99,84,99,99,9
1069,432,抗肿瘤,1,1,0,0,5/7/15 3:05,99,99,99,84,99,99,9
1070,951,"心脑血管,肿瘤",1,1,0,0,5/7/15 3:05,99,99,99,84,99,99,9
1071,280,"制药原料,原药,健康产品",1,1,0,0,5/7/15 3:05,99,99,99,84,99,99,9
1072,13269,"医疗设备,医疗器械",1,1,0,0,5/7/15 3:05,99,99,99,84,99,99,9
1073,17698,"药物生产,医药",1,1,0,0,5/7/15 3:05,99,99,99,84,99,99,9
1074,23205,药企,1,1,0,0,5/7/15 3:05,99,99,99,84,99,99,9
1075,7708,动物保健,1,1,0,0,5/7/15 3:05,99,99,99,84,99,99,9
1076,11724,仿制药,1,1,0,0,5/7/15 3:05,99,99,99,84,99,99,9
1077,404,"灭虫管理,农业,种植,草地,葡萄",1,1,0,0,5/7/15 3:05,99,99,99,84,99,99,9
1078,2845,生物医药,1,1,0,0,5/7/15 3:05,99,99,99,84,99,99,9
1079,24663,"吉林,保健品,医疗器械,食品,纺织,化工",1,1,0,0,5/7/15 3:05,99,99,99,84,99,99,9
1080,1882,中成药,1,1,0,0,5/7/15 3:05,99,99,99,84,99,99,9
1081,2934,"中成药销售,中成药",1,1,0,0,5/7/15 3:05,99,99,99,84,99,99,9
1082,2868,疫苗,1,1,0,0,5/7/15 3:05,99,99,99,84,99,99,9
1083,7158,"保健品,兽医资产",1,1,0,0,5/7/15 3:05,99,99,99,84,99,99,9
1084,2895,医疗服务,1,1,0,0,5/7/15 3:05,99,99,99,84,99,99,9
1085,12309,医疗设备,1,1,0,0,5/7/15 3:05,99,99,99,84,99,99,9
1086,1734,药用辅料,1,1,0,0,5/7/15 3:05,99,99,99,84,99,99,9
1087,636,"药品零售,药品配送",1,1,0,0,5/7/15 3:05,99,99,99,84,99,99,9
1088,752,化学制剂,1,1,0,0,5/7/15 3:05,99,99,99,84,99,99,9
1089,957,专科医院,1,1,0,0,5/7/15 3:05,99,99,99,84,99,99,9
1090,1684,肿瘤医院,1,1,0,0,5/7/15 3:05,99,99,99,84,99,99,9
1091,2142,"生产油田机械设备,油田机械,油田机械设备",1,1,0,0,5/7/15 3:05,99,99,99,84,99,99,9
1092,2135,"路桥建设上下游,路桥建设产业上下游,创新性融资手段,新型融资,新型融资手段",1,1,0,0,5/7/15 3:05,99,99,99,84,99,99,9
1093,13114,"金矿,金矿收购",1,1,0,0,5/7/15 3:05,99,99,99,84,99,99,9
1094,1963,有色金属加工,1,1,0,0,5/7/15 3:05,99,99,99,84,99,99,9
1095,2017,新能源,1,1,0,0,5/7/15 3:05,99,99,99,84,99,99,9
1096,1964,"房产设计,建设",1,1,0,0,5/7/15 3:05,99,99,99,84,99,99,9
1097,24688,"网络游戏,广告传媒,新媒体,电视电影制作,动漫卡通,文化地产",1,1,0,0,5/7/15 3:05,99,99,99,84,99,99,9
1098,1324,"网络游戏,广告传媒,新媒体,电视电影制作,动漫卡通,文化地产",1,1,0,0,5/7/15 3:05,99,99,99,84,99,99,9
1099,12828,船舶工程,1,1,0,0,5/7/15 3:05,99,99,99,84,99,99,9
1100,13119,"儿童教育,儿童早教,儿童在线,儿童动漫影视",1,1,0,0,5/7/15 3:05,99,99,99,84,99,99,9
1101,2096,"阀膜技术,下水处理,海水淡化,雨水收集",1,1,0,0,5/7/15 3:05,99,99,99,84,99,99,9
1102,37,"集成电路,终端芯片,身份识别,基带芯片,IF芯片,NFC芯片",1,1,0,0,5/7/15 3:05,99,99,99,84,99,99,9
1103,12430,"物联网,智能交通",1,1,0,0,5/7/15 3:05,99,99,99,84,99,99,9
1104,2098,"原水供应,自来水开发,机电设备安装,污水治理,排水业务,机电设备安装",1,1,0,0,5/7/15 3:05,99,99,99,84,99,99,9
1105,1708,"游戏,影视,TMT,移动互联,无线音乐,网络收音机,移动APP",1,1,0,0,5/7/15 3:05,99,99,99,84,99,99,9
1106,1969,"海外,汽车电子",1,1,0,0,5/7/15 3:05,99,99,99,212,99,99,9
1107,2570,新材料,1,1,0,0,5/7/15 3:05,99,99,99,84,99,99,9
1108,13084,皮鞋,1,1,0,0,5/7/15 3:05,99,99,99,84,99,99,9
1109,12541,机器人,1,1,0,0,5/7/15 3:05,99,99,99,84,99,99,9
1110,12338,"海外,奶源,婴儿内衣",1,1,0,0,5/7/15 3:05,99,99,99,84,99,99,9
1111,1996,"手游,电商,影视",1,1,0,0,5/7/15 3:05,99,99,99,84,99,99,9
1112,12854,"影视剧制作,剧本研发,电影院",1,1,0,0,5/7/15 3:05,99,99,99,84,99,99,9
1113,1326,软件,1,1,0,0,5/7/15 3:05,99,99,99,84,99,99,9
1114,1999,"医疗,医疗器械",1,1,0,0,5/7/15 3:05,99,99,99,84,99,99,9
1115,2461,网络安全,1,1,0,0,5/7/15 3:05,99,99,99,84,99,99,9
1116,1854,"中成药,人参,人参药物,人参饮料",1,1,0,0,5/7/15 3:05,99,99,99,84,99,99,9
1117,1282,"通信,国防,能源,海外数据,移动互联,无线传输",1,1,0,0,5/7/15 3:05,99,99,99,84,99,99,9
1118,12834,可穿戴设备,1,1,0,0,5/7/15 3:05,99,99,99,84,99,99,9
1119,1703,汽车零部件,1,1,0,0,5/7/15 3:05,99,99,99,84,99,99,9
1120,1378,新材料,1,1,0,0,5/7/15 3:05,99,99,99,84,99,99,9
1121,12818,医疗器皿,1,1,0,0,5/7/15 3:05,99,99,99,84,99,99,9
1122,12852,"服装,服饰",1,1,0,0,5/7/15 3:05,99,99,99,84,99,99,9
1123,12853,"发电设备,环保能源",1,1,0,0,5/7/15 3:05,99,99,99,84,99,99,9
1124,1893,"生物制药,能源开发",1,1,0,0,5/7/15 3:05,99,99,99,84,99,99,9
1125,2315,"手游,手机游戏",1,1,0,0,5/7/15 3:05,99,99,99,84,99,99,9
1126,13123,"智能电网,新材料,新能源",1,1,0,0,5/7/15 3:05,99,99,99,84,99,99,9
1127,12486,"数字营销,移动数字营销,电商营销,代运营,游戏推广,媒体代理,公关,市场调查,公交车身广告公司,公交候车,户外广告,娱乐,体育营销",1,1,0,0,5/7/15 3:05,99,99,99,84,99,99,9
1128,1502,"互联网服务,现代医疗,现代文化",1,1,0,0,5/7/15 3:05,99,99,99,84,99,99,9
1129,12783,"保健品,慢性病,营养补充剂",1,1,0,0,5/7/15 3:05,99,99,99,84,99,99,9
1130,12348,"保健品,慢性病,营养补充剂",1,1,0,0,5/7/15 3:05,99,99,99,84,99,99,9
1131,2319,"影视剧制作,剧本研发,",1,1,0,0,5/7/15 3:05,99,99,99,84,99,99,9
1132,12481,"影视剧制作,剧本研发,",1,1,0,0,5/7/15 3:05,99,99,99,84,99,99,9
1133,12937,"影视剧制作,剧本研发,",1,1,0,0,5/7/15 3:05,99,99,99,84,99,99,9
1134,2149,"影视剧制作,剧本研发,",1,1,0,0,5/7/15 3:05,99,99,99,84,99,99,9
1135,184,"手游,手机娱乐,无线音乐,手机游戏,互联网",1,1,0,0,5/7/15 3:05,99,99,99,84,99,99,9
1136,513,"手游,手机娱乐,无线音乐,手机游戏,互联网",1,1,0,0,5/7/15 3:05,99,99,99,84,99,99,9
1137,2254,"手游,手机娱乐,无线音乐,移动应用,移动营销",1,1,0,0,5/7/15 3:05,99,99,99,84,99,99,9
1138,1990,"手游,手机娱乐,无线音乐",1,1,0,0,5/7/15 3:05,99,99,99,84,99,99,9
1139,12414,"手游,手机娱乐,无线音乐",1,1,0,0,5/7/15 3:05,99,99,99,84,99,99,9
1140,2318,"移动应用,移动营销",1,1,0,0,5/7/15 3:05,99,99,99,84,99,99,9
1141,2352,"移动应用,移动营销",1,1,0,0,5/7/15 3:05,99,99,99,84,99,99,9
1142,12969,"移动应用,移动营销",1,1,0,0,5/7/15 3:05,99,99,99,84,99,99,9
1143,12365,"移动应用,移动营销",1,1,0,0,5/7/15 3:05,99,99,99,84,99,99,9
1144,2640,"移动应用,移动营销",1,1,0,0,5/7/15 3:05,99,99,99,84,99,99,9
1145,1261,"移动应用,移动营销",1,1,0,0,5/7/15 3:05,99,99,99,84,99,99,9
1146,12919,"移动应用,移动营销",1,1,0,0,5/7/15 3:05,99,99,99,84,99,99,9
1147,54,"TMT,移动互联,无线音乐,网络收音机,移动APP",1,1,0,0,5/7/15 3:05,99,99,99,84,99,99,9
1148,12522,在线教育,1,1,0,0,5/7/15 3:05,99,99,99,84,99,99,9
1149,24707,"网络游戏,网络游戏,游戏产业链",1,1,0,0,5/7/15 3:05,99,99,99,84,99,99,9
1150,12778,"化妆品,电商,O2O",1,1,0,0,5/7/15 3:05,99,99,99,84,99,99,9
1151,2191,"大办公概念,软件,大数据,移动营销",1,1,0,0,5/7/15 3:05,99,99,99,84,99,99,9
1152,49,复合肥O2O,1,1,0,0,5/7/15 3:05,99,99,99,84,99,99,9
1153,1508,"跨境B2C,在线教育,在线医疗",1,1,0,0,5/7/15 3:05,99,99,99,84,99,99,9
1154,1890,"油墨,涂料,油墨上下游,涂料上下游",1,1,0,0,5/7/15 3:05,99,99,99,84,99,99,9
1155,2568,传媒,1,1,0,0,5/7/15 3:05,99,99,99,84,99,99,9
1156,12966,"冶金装备,传统机械,智能制造,军工,高铁",1,1,0,0,5/7/15 3:05,99,99,99,84,99,99,9
1157,12311,"2kV配电,控制设备,35kV永磁开关",1,1,0,0,5/7/15 3:05,99,99,99,84,99,99,9
1158,12738,"热工自动化,电厂信息化",1,1,0,0,5/7/15 3:05,99,99,99,84,99,99,9
1159,13090,"橡胶制品,帆布,橡胶原料,纺织原料,化工产品",1,1,0,0,5/7/15 3:05,99,99,99,84,99,99,9
1160,2495,"汽车零部件,国内海外",1,1,0,0,5/7/15 3:05,99,99,99,84,99,99,9
1161,12588,"服装,服饰",1,1,0,0,5/7/15 3:05,99,99,99,84,99,99,9
1162,1799,"杀虫剂原药,剂型,杀菌剂原药,除草剂原药,精细化工",1,1,0,0,5/7/15 3:05,99,99,99,84,99,99,9
1163,13142,装备制造,1,1,0,0,5/7/15 3:05,99,99,99,84,99,99,9
1164,12633,热技术,1,1,0,0,5/7/15 3:05,99,99,99,84,99,99,9
1165,13174,"军工,机器人",1,1,0,0,5/7/15 3:05,99,99,99,84,99,99,9
1166,1335,"精细化工,食品,维生素,皮革化学品",1,1,0,0,5/7/15 3:05,99,99,99,84,99,99,9
1167,2183,"系统集成,节能服务,LED应用,文化创意",1,1,0,0,5/7/15 3:05,99,99,99,84,99,99,9
1168,2440,4S店,1,1,0,0,5/7/15 3:05,99,99,99,84,99,99,9
1169,13097,"不锈钢真空保温器皿,不锈钢",1,1,0,0,5/7/15 3:05,99,99,99,84,99,99,9
1170,2229,"装修,装饰,园林,景观",1,1,0,0,5/7/15 3:05,99,99,99,84,99,99,9
1171,2277,"采掘业,油田",1,1,0,0,5/7/15 3:05,99,99,99,84,99,99,9
1172,13085,服装,1,1,0,0,5/7/15 3:05,99,99,99,84,99,99,9
1173,12900,"新能源,工业自动化,清洁技术,新材料,TMT,自动化机器人,高端装备自动化",1,1,0,0,5/7/15 3:05,99,99,99,84,99,99,9
1174,2123,胶黏剂,1,1,0,0,5/7/15 3:05,99,99,99,84,99,99,9
1175,1518,"汽车客运,货运,客运站经营,汽车销售与维修",1,1,0,0,5/7/15 3:05,99,99,99,84,99,99,9
1176,12300,"胶原蛋白,深加工,水产品",1,1,0,0,5/7/15 3:05,99,99,99,84,99,99,9
1177,13013,"输配电,调度,信息化,智能电网,医疗器械,大健康",1,1,0,0,5/7/15 3:05,99,99,99,84,99,99,9
1178,2327,"地理信息系统,地理空间信息技术",1,1,0,0,5/7/15 3:05,99,99,99,84,99,99,9
1179,1648,"电力电子成套设备,电控自动化产品,电控零配件,电控解决方案",1,1,0,0,5/7/15 3:05,99,99,99,84,99,99,9
1180,2243,"大数据,移动互联网",1,1,0,0,5/7/15 3:05,99,99,99,84,99,99,9
1181,12575,"工业自动化,工业智能化",1,1,0,0,5/7/15 3:05,99,99,99,84,99,99,9
1182,1479,"电信信息技术,教育信息技术",1,1,0,0,5/7/15 3:05,99,99,99,84,99,99,9
1183,2451,"网络游戏,互联网游戏,游戏,互联网",1,1,0,0,5/7/15 3:05,99,99,99,84,99,99,9
1184,1317,"环保,工业水治理,市政水,烟气治理,节能减排",1,1,0,0,5/7/15 3:05,99,99,99,84,99,99,9
1185,1493,券商,1,1,0,0,5/7/15 3:05,99,99,99,84,99,99,9
1186,12442,"轨道交通,输变电",1,1,0,0,5/7/15 3:05,99,99,99,84,99,99,9
1187,1277,"海洋领域,船舶电气,海洋防务信息化",1,1,0,0,5/7/15 3:05,99,99,99,84,99,99,9
1188,1967,"网络,数字,图像电子产品,特种机器人,机器人",1,1,0,0,5/7/15 3:05,99,99,99,84,99,99,9
1189,13005,"种业,大农业",1,1,0,0,5/7/15 3:05,99,99,99,84,99,99,9
1190,1560,智慧城市,1,1,0,0,5/7/15 3:05,99,99,99,84,99,99,9
1191,12671,"轨交,轨道交通",1,1,0,0,5/7/15 3:05,99,99,99,84,99,99,9
1192,12797,"S型气溶胶,灭火系统,消防",1,1,0,0,5/7/15 3:05,99,99,99,84,99,99,9
1193,2370,"招标疫苗品种,宠物业务",1,1,0,0,5/7/15 3:05,99,99,99,84,99,99,9
1194,12950,游艇俱乐部,1,1,0,0,5/7/15 3:05,99,99,99,84,99,99,9
1195,12982,电磁线,1,1,0,0,5/7/15 3:05,99,99,99,84,99,99,9
1196,1440,"疫苗,生物制品",1,1,0,0,5/7/15 3:05,99,99,99,84,99,99,9
1197,12890,"工业自动化控制,机器人智能控制,海外",1,1,0,0,5/7/15 3:05,99,99,99,84,99,99,9
1198,12846,"电动工具,机器人,传感器,海外",1,1,0,0,5/7/15 3:05,99,99,99,84,99,99,9
1199,12910,"智能家居,国外设计团队,传感器",1,1,0,0,5/7/15 3:05,99,99,99,84,99,99,9
1200,1517,"医药中间体,原料药,医疗服务业,香料,日化产品",1,1,0,0,5/7/15 3:05,99,99,99,84,99,99,9
1201,13102,"文化娱乐,互联网",1,1,0,0,5/7/15 3:05,99,99,99,84,99,99,9
1202,2238,"信息消费,智能制造,智能装备,新能源汽车,智能穿戴设备,制造平台,工业装备技术平台,网络工业设计平台",1,1,0,0,5/7/15 3:05,99,99,99,84,99,99,9
1203,1775,公路新材料,1,1,0,0,5/7/15 3:05,99,99,99,84,99,99,9
1204,1274,集成电路设计,1,1,0,0,5/7/15 3:05,99,99,99,84,99,99,9
1205,12960,"电动汽车,电动汽车充换电设备",1,1,0,0,5/7/15 3:05,99,99,99,84,99,99,9
1206,69,"演艺,旅游,文化产业",1,1,0,0,5/7/15 3:05,99,99,99,84,99,99,9
1207,12735,"环保配套,不锈钢冲压焊接离心泵,无负压变频供水设备",1,1,0,0,5/7/15 3:05,99,99,99,84,99,99,9
1208,12348,"海外膳食营养补充剂,非营养补充剂,穿戴设备,移动健康管理",1,1,0,0,5/7/15 3:05,99,99,99,84,99,99,9
1209,2469,"中药资源,中药配方颗粒许可证,中药配方颗粒",1,1,0,0,5/7/15 3:05,99,99,99,84,99,99,9
1210,12880,医疗器械,1,1,0,0,5/7/15 3:05,99,99,99,84,99,99,9
1211,13058,"垃圾发电,天然气分布式能源,烟气治理",1,1,0,0,5/7/15 3:05,99,99,99,84,99,99,9
1212,12902,"焊接产业,焊接",1,1,0,0,5/7/15 3:05,99,99,99,84,99,99,9
1213,2378,"工业节能,工业炉窑节能",1,1,0,0,5/7/15 3:05,99,99,99,84,99,99,9
1214,1102,"智能硬件,智能家居",1,1,0,0,5/7/15 3:05,99,99,99,84,99,99,9
1215,1378,新材料,1,1,0,0,5/7/15 3:05,99,99,99,84,99,99,9
1216,9,"半导体,无线通讯,平面显示,存储,电讯,数码",2,1,0,0,5/7/15 3:05,99,99,99,84,99,99,9
1217,20758,"TMT,消费,幼儿教育,信息化教育,互联网教育,餐饮,移动互联",2,1,0,0,5/7/15 3:05,99,99,99,84,99,99,9
1218,24606,"互联网金融,医疗,金融科技,消费,医疗健康,汽车,新媒体,移动,社会化,大数据,人工智能",2,1,0,0,5/7/15 3:05,99,99,99,84,99,99,9
1219,14069,"高成长性技术,生物医药,高附加值制造业,TMT,移动互联,无线音乐,网络收音机,移动APP",2,1,0,0,5/7/15 3:05,99,99,99,84,99,99,9
1220,62,"TMT,消费,餐饮,移动互联",2,1,0,0,5/7/15 3:05,99,99,99,84,99,99,9
1221,63,"新材料,大健康,智能工业,消费品",2,1,0,0,5/7/15 3:05,99,99,99,84,99,99,9
1222,24614,"TMT,消费,餐饮,移动互联",2,1,0,0,5/7/15 3:05,99,99,99,84,99,99,9
1223,12,"金融,小微金融,互联网金融,生物医药",2,1,0,0,5/7/15 3:05,99,99,99,84,99,99,9
1224,71,"能源,医药,环保,地产",2,1,0,0,5/7/15 3:05,99,99,99,84,99,99,9
1225,14953,"先进制造业,消费及现代消费服务,医疗健康,节能环保",2,1,0,0,5/7/15 3:05,99,99,99,84,99,99,9
1226,66,"新能源,新媒体,互联网金融",2,1,0,0,5/7/15 3:05,99,99,99,84,99,99,9
1227,65,"制造业,能源",2,1,0,0,5/7/15 3:05,99,99,99,84,99,99,9
1228,20044,"快消,快速消费品,服务业",2,1,0,0,5/7/15 3:05,99,99,99,84,99,99,9
1229,15341,"互联网,传统传媒",2,1,0,0,5/7/15 3:05,99,99,99,84,99,99,9
1230,52,"制造业,清洁能源,海外",2,1,0,0,5/7/15 3:05,99,99,99,84,99,99,9
1231,60,"环保,消费",2,1,0,0,5/7/15 3:05,99,99,99,84,99,99,9
1232,33,"消费,现代服务业,环保,高端制造,TMT",2,1,0,0,5/7/15 3:05,99,99,99,84,99,99,9
1233,53,"媒体,消费,医疗,互联网,传媒,早期,早期项目",2,1,0,0,5/7/15 3:05,99,99,99,84,99,99,9
1234,14284,"消费服务,TMT,文娱,旅游,电商O2O,P2P,B2B",2,1,0,0,5/7/15 3:05,99,99,99,84,99,99,9
1235,14523,"幼儿教育,信息化教育,互联网教育",2,1,0,0,5/7/15 3:05,99,99,99,84,99,99,9
1236,14653,"幼儿教育,信息化教育,互联网教育,餐饮,移动互联",2,1,0,0,5/7/15 3:05,99,99,99,84,99,99,9
1237,14840,"幼儿教育,信息化教育,互联网教育",2,1,0,0,5/7/15 3:05,99,99,99,84,99,99,9
1238,15331,"幼儿教育,信息化教育,互联网教育",2,1,0,0,5/7/15 3:05,99,99,99,84,99,99,9
1239,65,"幼儿教育,信息化教育,互联网教育",2,1,0,0,5/7/15 3:05,99,99,99,84,99,99,9
1240,17618,"幼儿教育,信息化教育,互联网教育",2,1,0,0,5/7/15 3:05,99,99,99,84,99,99,9
1241,14064,"TMT,移动互联,无线音乐,网络收音机,移动APP",2,1,0,0,5/7/15 3:05,99,99,99,84,99,99,9
1242,14090,"TMT,移动互联,无线音乐,网络收音机,移动APP,餐饮,移动互联网",2,1,0,0,5/7/15 3:05,99,99,99,84,99,99,9
1243,14094,"TMT,移动互联,无线音乐,网络收音机,移动APP",2,1,0,0,5/7/15 3:05,99,99,99,84,99,99,9
1244,14097,"TMT,移动互联,无线音乐,网络收音机,移动APP",2,1,0,0,5/7/15 3:05,99,99,99,84,99,99,9
1245,14100,"TMT,移动互联,无线音乐,网络收音机,移动APP,餐饮,移动互联网",2,1,0,0,5/7/15 3:05,99,99,99,84,99,99,9
1246,14104,"TMT,移动互联,无线音乐,网络收音机,移动APP",2,1,0,0,5/7/15 3:05,99,99,99,84,99,99,9
1247,14137,"TMT,移动互联,无线音乐,网络收音机,移动APP,餐饮,移动互联网",2,1,0,0,5/7/15 3:05,99,99,99,84,99,99,9
1248,14138,"TMT,移动互联,无线音乐,网络收音机,移动APP,餐饮,移动互联网",2,1,0,0,5/7/15 3:05,99,99,99,84,99,99,9
1249,14151,"TMT,移动互联,无线音乐,网络收音机,移动APP",2,1,0,0,5/7/15 3:05,99,99,99,84,99,99,9
1250,14179,"TMT,移动互联,无线音乐,网络收音机,移动APP",2,1,0,0,5/7/15 3:05,99,99,99,84,99,99,9
1251,14250,"TMT,移动互联,无线音乐,网络收音机,移动APP",2,1,0,0,5/7/15 3:05,99,99,99,84,99,99,9
1252,14399,"TMT,移动互联,无线音乐,网络收音机,移动APP",2,1,0,0,5/7/15 3:05,99,99,99,84,99,99,9
1253,14723,"TMT,移动互联,无线音乐,网络收音机,移动APP",2,1,0,0,5/7/15 3:05,99,99,99,84,99,99,9
1254,94,"TMT,移动互联,无线音乐,网络收音机,移动APP",2,1,0,0,5/7/15 3:05,99,99,99,84,99,99,9
1255,23934,"TMT,移动互联,无线音乐,网络收音机,移动APP",2,1,0,0,5/7/15 3:05,99,99,99,84,99,99,9
1256,99,"TMT,移动互联,无线音乐,网络收音机,移动APP",2,1,0,0,5/7/15 3:05,99,99,99,84,99,99,9
1257,195,"手游,互联网",2,1,0,0,5/7/15 3:05,99,99,99,84,99,99,9
1258,831,"手游,互联网",2,1,0,0,5/7/15 3:05,99,99,99,84,99,99,9
1259,2835,"手游,互联网",2,1,0,0,5/7/15 3:05,99,99,99,84,99,99,9
1260,2865,"手游,互联网",2,1,0,0,5/7/15 3:05,99,99,99,84,99,99,9
1261,2812,"手游,互联网",2,1,0,0,5/7/15 3:05,99,99,99,84,99,99,9
1262,14091,"餐饮,移动互联",2,1,0,0,5/7/15 3:05,99,99,99,84,99,99,9
1263,14118,"餐饮,移动互联",2,1,0,0,5/7/15 3:05,99,99,99,84,99,99,9
1264,14127,"餐饮,移动互联",2,1,0,0,5/7/15 3:05,99,99,99,84,99,99,9
1265,14131,"餐饮,移动互联",2,1,0,0,5/7/15 3:05,99,99,99,84,99,99,9
1266,14134,"餐饮,移动互联",2,1,0,0,5/7/15 3:05,99,99,99,84,99,99,9
1267,14143,"餐饮,移动互联",2,1,0,0,5/7/15 3:05,99,99,99,84,99,99,9
1268,14222,"餐饮,移动互联",2,1,0,0,5/7/15 3:05,99,99,99,84,99,99,9
1269,14308,"餐饮,移动互联",2,1,0,0,5/7/15 3:05,99,99,99,84,99,99,9
1270,14451,"餐饮,移动互联",2,1,0,0,5/7/15 3:05,99,99,99,84,99,99,9
1271,15082,"餐饮,移动互联",2,1,0,0,5/7/15 3:05,99,99,99,84,99,99,9
1272,15121,"餐饮,移动互联",2,1,0,0,5/7/15 3:05,99,99,99,84,99,99,9
1273,20662,"餐饮,移动互联",2,1,0,0,5/7/15 3:05,99,99,99,84,99,99,9
1274,14849,"互联网,医疗,先进科技",2,1,0,0,5/7/15 3:05,99,99,99,84,99,99,9
1275,23916,"手游,旅游,大数据",2,1,0,0,5/7/15 3:05,99,99,99,84,99,99,9
1276,14310,"高端装备制造,环保,先进科技",2,1,0,0,5/7/15 3:05,99,99,99,84,99,99,9
1277,97,"消费,TMT",2,1,0,0,5/7/15 3:05,99,99,99,84,99,99,9
1278,78,"O2O,新媒体,视频,在线地产",2,1,0,0,5/7/15 3:05,99,99,99,84,99,99,9
1279,14135,"餐饮,鞋服,食品饮料,美容,连锁企业,教育,医疗,环保节能,高端制造",2,1,0,0,5/7/15 3:05,99,99,99,84,99,99,9
1280,24634,"体育.健康医疗,移动互联网",2,1,0,0,5/7/15 3:05,99,99,99,84,99,99,9
1281,12793,"超硬材料,金刚石",1,1,0,0,5/7/15 3:05,99,99,99,84,99,99,9
1282,2241,在线教育,2,1,0,0,5/7/15 3:05,99,99,99,84,99,99,9
1283,24772,互联网金融,2,1,0,0,5/7/15 3:05,99,99,99,84,99,99,9
1284,2820,"社交类平台,垂直平台,导流APP,在线广告,微信应用,可穿戴设备,服装,化妆品,母婴,家具,女性小玩意,旅游",2,1,0,0,5/7/15 3:05,99,99,99,84,99,99,9
1285,18375,"互联网金融,TMT,游戏",2,1,0,0,5/7/15 3:05,99,99,99,84,99,99,9
1286,19721,"医药,旅游,电商",2,1,0,0,5/7/15 3:05,99,99,99,84,99,99,9
1287,12403,锂电池,1,1,0,0,5/7/15 3:05,99,99,99,84,99,99,9
1288,12387,"移动互联,在线教育,养老,服务类,轻资产",1,1,0,0,5/7/15 3:05,99,99,99,84,99,99,9
1289,22109,"医疗器械,大健康,连锁药店,药品",2,1,0,0,5/7/15 3:05,99,99,99,84,99,99,9
1290,24635,"医疗健康,线上医疗,干细胞",2,1,0,0,5/7/15 3:05,99,99,99,84,99,99,9
1291,14409,"互联网社交,互联网娱乐,互联网文化,医疗保健,O2O",1,1,0,0,5/7/15 3:05,99,99,99,84,99,99,9
1292,24770,"投资海外和国内,热能节能设备,技能技术",2,1,0,0,5/7/15 3:05,99,99,99,84,99,99,9
1293,24614,消费类,1,1,0,0,5/7/15 3:05,99,99,99,84,99,99,9
1294,13,"能源,医药,环保,地产",1,1,0,0,5/7/15 3:05,99,99,99,84,99,99,9
1295,14953,"先进制造业,消费,现在消费服务,医疗健康,节能环保",1,1,0,0,5/7/15 3:05,99,99,99,84,99,99,9
1296,17536,"IT,高成长性技术,生物医药,高新制造业",1,1,0,0,5/7/15 3:05,99,99,99,84,99,99,9
1297,63,"新材料,大健康,智能工业,消费品",1,1,0,0,5/7/15 3:05,99,99,99,84,99,99,9
1298,24671,"TMT,大数据",1,1,0,0,5/7/15 3:05,99,99,99,84,99,99,9
1299,24796,"资产证券化,定增,股权私募基金",1,1,0,0,5/7/15 3:05,99,99,99,84,99,99,9
1300,24790,光伏核心技术,1,1,0,0,5/7/15 3:05,99,99,99,84,99,99,9
1301,17681,"o2o,新能源,新材料,LNG,光伏,环保,污水处理,空气处理,土壤治理,医疗器械",1,1,0,0,5/7/15 3:05,99,99,99,84,99,99,9
1302,1824,"高端制造业,工业机器人,环保工程,土壤治理,水污染治理,空气治理,固废处理,互联网医疗,互联网教育,互联网金融企业,民营小型信贷公司,银行,保险",2,1,0,0,5/7/15 3:05,99,99,99,84,99,99,9
1303,14571,"互联网游戏,互联网金融,新材料中的化工材料,以及金属,节能环保,水汽土壤",2,1,0,0,5/7/15 3:05,99,99,99,84,99,99,9
1304,17884,"旅游,文化产业,影视,电视剧,艺术品,画廊,水处理,互联网",2,1,0,0,5/7/15 3:05,99,99,99,84,99,99,9
1305,24793,"食品,制药,保健器材,远程医疗,水空气,土壤,固体废物,高端制造业,机器人",2,1,0,0,5/7/15 3:05,99,99,99,84,99,99,9
1306,23,"新能源,消费,高端制造,电商",2,1,0,0,5/7/15 3:05,99,99,99,84,99,99,9
1307,24792,"汽车消费,进口食品品牌,进口食品渠道,酒店管理品牌,保险公司,银行,建筑工程公司,系统集成公司",2,1,0,0,5/7/15 3:05,99,99,99,84,99,99,9
1308,17311,"医疗器械,医疗耗材,医疗影像,微创手术,降血糖血压药,小医院能开处方药",2,1,0,0,5/7/15 3:05,99,99,99,84,99,99,9
1309,18567,"创新产业,医疗,互联网",2,1,0,0,5/7/15 3:05,99,99,99,84,99,99,9
1310,19695,"PE,新三板,新材料,互联网金融,医疗,信息产业",2,1,0,0,5/7/15 3:05,99,99,99,84,99,99,9
1311,23541,"移动互联网,健康,保健",2,1,0,0,5/7/15 3:05,99,99,99,84,99,99,9
1312,14069,"智能家居,新材料,高端装备,节能环保",2,1,0,0,5/7/15 3:05,99,99,99,84,99,99,9
1313,14724,"健康医疗,TMT",2,1,0,0,5/7/15 3:05,99,99,99,84,99,99,9
1314,24611,"医疗器械,养老,可穿戴设备",2,1,0,0,5/7/15 3:05,99,99,99,84,99,99,9
1315,19605,"消费,保健",2,1,0,0,5/7/15 3:05,99,99,99,84,99,99,9
1316,17834,新三板,2,1,0,0,5/7/15 3:05,99,99,99,84,99,99,9
1317,14258,"TMT,医疗",2,1,0,0,5/7/15 3:05,99,99,99,84,99,99,9
1318,14826,"高新产业,基础设施",2,1,0,0,5/7/15 3:05,99,99,99,84,99,99,9
1319,14194,"医疗,大健康,文化,快销,零售,工业,教育,金融",2,1,0,0,5/7/15 3:05,99,99,99,84,99,99,9
1320,18306,TMT,2,1,0,0,5/7/15 3:05,99,99,99,84,99,99,9
1321,14067,"TMT,高科技,云计算,大数据,无人机,智能硬件,机器人",2,1,0,0,5/7/15 3:05,99,99,99,84,99,99,9
1322,20851,"TMT,医疗健康,智能硬件",2,1,0,0,5/7/15 3:05,99,99,99,84,99,99,9
1323,1077,大健康,2,1,0,0,5/7/15 3:05,99,99,99,84,99,99,9
1324,6555,TMT,2,1,0,0,5/7/15 3:05,99,99,99,84,99,99,9
1325,14724,"医疗,金融,消费",2,1,0,0,5/7/15 3:05,99,99,99,84,99,99,9
1326,15079,"高端制造,TMT",2,1,0,0,5/7/15 3:05,99,99,99,84,99,99,9
1327,14250,TMT,2,1,0,0,5/7/15 3:05,99,99,99,84,99,99,9
1328,16390,产业地产,2,1,0,0,5/7/15 3:05,99,99,99,84,99,99,9
1329,2453,"互联网+,医疗健康,文化传媒",2,1,0,0,5/7/15 3:05,99,99,99,84,99,99,9
1330,1508,"跨境B2C,在线教育,在线医疗",2,1,0,0,5/7/15 3:05,99,99,99,84,99,99,9
1331,2216,"教育产业o2o,教育o2o,在线教育",1,1,0,0,5/7/15 3:05,99,99,99,84,99,99,9
1332,12509,移动营销,1,1,0,0,5/7/15 3:05,99,99,99,84,99,99,9
1333,13175,电商垂直类平台,1,1,0,0,5/7/15 3:05,99,99,99,84,99,99,9
1334,2113,"流量入口平台,高利润软件企业",1,1,0,0,5/7/15 3:05,99,99,99,84,99,99,9
1335,2152,"传统线路节能,工业节能,工程改造流程优化,医院信息化的软件类公司,智慧交通",1,1,0,0,5/7/15 3:05,99,99,99,84,99,99,9
1336,37,"移动互联网,大数据",1,1,0,0,5/7/15 3:05,99,99,99,84,99,99,9
1337,1659,"在线医疗,可穿戴设备",1,1,0,0,5/7/15 3:05,99,99,99,84,99,99,9
1338,1638,"在线营销,游戏",1,1,0,0,5/7/15 3:05,99,99,99,84,99,99,9
1339,2191,"大办公,大办公概念,软件开发,大数据,移动营销",1,1,0,0,5/7/15 3:05,99,99,99,84,99,99,9
1340,13077,"网络游戏,社交平台,互联网医药平台,网络彩票,互联网金融,企业管理软件",1,1,0,0,5/7/15 3:05,99,99,99,84,99,99,9
1341,12705,移动端广告,1,1,0,0,5/7/15 3:05,99,99,99,84,99,99,9
1342,1631,"在线教育,互联网金融",1,1,0,0,5/7/15 3:05,99,99,99,84,99,99,9
1343,55,节能环保类技术型企业,1,1,0,0,5/7/15 3:05,99,99,99,84,99,99,9
1344,12778,"化妆品,电商,O2O",1,1,0,0,5/7/15 3:05,99,99,99,84,99,99,9
1345,12297,"在线教育（偏平台类),医疗",1,1,0,0,5/7/15 3:05,99,99,99,84,99,99,9
1346,2423,"在线教育,在线医疗",1,1,0,0,5/7/15 3:05,99,99,99,84,99,99,9
1347,2148,线上和线下教育,1,1,0,0,5/7/15 3:05,99,99,99,84,99,99,9
1348,12522,在线教育,1,1,0,0,5/7/15 3:05,99,99,99,84,99,99,9
1349,64,互联网金融,1,1,0,0,5/7/15 3:05,99,99,99,84,99,99,9
1350,58,移动端的在线教育,1,1,0,0,5/7/15 3:05,99,99,99,84,99,99,9
1351,59,"电信增值服务,安防监控,网络传媒",1,1,0,0,5/7/15 3:05,99,99,99,84,99,99,9
1352,61,"云计算,大数据",1,1,0,0,5/7/15 3:05,99,99,99,84,99,99,9
1353,56,"物联网二维码,互联网支付,芯片设计技术,环保",1,1,0,0,5/7/15 3:05,99,99,99,84,99,99,9
1354,44,"在线教育-偏职业教育,手游,大数据，云计算,影视",1,1,0,0,5/7/15 3:05,99,99,99,84,99,99,9
1355,29,智能物业,1,1,0,0,5/7/15 3:05,99,99,99,84,99,99,9
1356,49,复合肥料,1,1,0,0,5/7/15 3:05,99,99,99,84,99,99,9
1357,28,照明的下游产业,1,1,0,0,5/7/15 3:05,99,99,99,84,99,99,9
1358,36,"环保,新能源,电缆",1,1,0,0,5/7/15 3:05,99,99,99,84,99,99,9
1359,32,"移动互联网,安防",1,1,0,0,5/7/15 3:05,99,99,99,84,99,99,9
1360,34,电子支付,1,1,0,0,5/7/15 3:05,99,99,99,84,99,99,9
1361,40,通信领域,1,1,0,0,5/7/15 3:05,99,99,99,84,99,99,9
1362,35,半导体封装,1,1,0,0,5/7/15 3:05,99,99,99,84,99,99,9
1363,31,"风电,光伏",1,1,0,0,5/7/15 3:05,99,99,99,84,99,99,9
1364,2142,油田相关机械设备,1,1,0,0,5/7/15 3:05,99,99,99,84,99,99,9
1365,2135,路桥建设上下游产业,1,1,0,0,5/7/15 3:05,99,99,99,84,99,99,9
1366,13114,金矿,1,1,0,0,5/7/15 3:05,99,99,99,84,99,99,9
1367,1963,有色金属加工,1,1,0,0,5/7/15 3:05,99,99,99,84,99,99,9
1368,2017,"光伏组件和灯具,新能源领域技术和业务",1,1,0,0,5/7/15 3:05,99,99,99,84,99,99,9
1369,2021,房地产开发,1,1,0,0,5/7/15 3:05,99,99,99,84,99,99,9
1370,1964,房地产设计和建设领域,1,1,0,0,5/7/15 3:05,99,99,99,84,99,99,9
1371,24688,"动漫卡通,文化地产,文化相关产业",1,1,0,0,5/7/15 3:05,99,99,99,84,99,99,9
1372,1324,新媒体产业,1,1,0,0,5/7/15 3:05,99,99,99,84,99,99,9
1373,13119,"儿童教育,儿童早教,儿童在线,儿童动漫影视",1,1,0,0,5/7/15 3:05,99,99,99,84,99,99,9
1374,2096,"阀膜技术,下水处理,海水淡化,雨水收集技术",1,1,0,0,5/7/15 3:05,99,99,99,84,99,99,9
1375,37,"集成电路,终端芯片,身份识别,基带芯片,IFNFC芯片",1,1,0,0,5/7/15 3:05,99,99,99,84,99,99,9
1376,12430,物联网方面智能交通,1,1,0,0,5/7/15 3:05,99,99,99,84,99,99,9
1377,2098,"自来水开发,污水治理,排水工程建设,机电设备制造与安装,饮用水及设备",1,1,0,0,5/7/15 3:05,99,99,99,84,99,99,9
1378,95,汽车零配件,1,1,0,0,5/7/15 3:05,99,99,99,84,99,99,9
1379,1708,游戏，影视,1,1,0,0,5/7/15 3:05,99,99,99,84,99,99,9
1380,1969,海外汽车电子,1,1,0,0,5/7/15 3:05,99,99,99,84,99,99,9
1381,13084,鞋业,1,1,0,0,5/7/15 3:05,99,99,99,84,99,99,9
1382,12541,机器人,1,1,0,0,5/7/15 3:05,99,99,99,84,99,99,9
1383,12338,"海外奶源,婴童内衣",1,1,0,0,5/7/15 3:05,99,99,99,84,99,99,9
1384,1996,"手游,影视,电商",1,1,0,0,5/7/15 3:05,99,99,99,84,99,99,9
1385,12854,电影院,1,1,0,0,5/7/15 3:05,99,99,99,84,99,99,9
1386,1326,软件相关,1,1,0,0,5/7/15 3:05,99,99,99,84,99,99,9
1387,1999,医疗,1,1,0,0,5/7/15 3:05,99,99,99,84,99,99,9
1388,2461,网络安全,1,1,0,0,5/7/15 3:05,99,99,99,84,99,99,9
1389,1854,"中成药,人参类药物,饮料",1,1,0,0,5/7/15 3:05,99,99,99,84,99,99,9
1390,1409,中成药,1,1,0,0,5/7/15 3:05,99,99,99,84,99,99,9
1391,1282,"国防,能源,新技术和材料,海外大数据,移动互联,无线传输",1,1,0,0,5/7/15 3:05,99,99,99,84,99,99,9
1392,12834,可穿戴设备,1,1,0,0,5/7/15 3:05,99,99,99,84,99,99,9
1393,1703,汽车零部件,1,1,0,0,5/7/15 3:05,99,99,99,84,99,99,9
1394,18023,新材料,1,1,0,0,5/7/15 3:05,99,99,99,84,99,99,9
1395,1854,中成药,1,1,0,0,5/7/15 3:05,99,99,99,84,99,99,9
1396,12818,医疗器皿,1,1,0,0,5/7/15 3:05,99,99,99,84,99,99,9
1397,1999,医疗器械,1,1,0,0,5/7/15 3:05,99,99,99,84,99,99,9
1398,12852,服装,1,1,0,0,5/7/15 3:05,99,99,99,84,99,99,9
1399,12853,风力发电制造,1,1,0,0,5/7/15 3:05,99,99,99,84,99,99,9
1400,1893,"生物制药,能源开发",1,1,0,0,5/7/15 3:05,99,99,99,84,99,99,9
1401,2315,手游相关行业,1,1,0,0,5/7/15 3:05,99,99,99,84,99,99,9
1402,13123,"智能电网,新材料,新能源",1,1,0,0,5/7/15 3:05,99,99,99,84,99,99,9
1403,1502,地产相关的互联网营销，DMP,1,1,0,0,5/7/15 3:05,99,99,99,84,99,99,9
1404,2616,在线教育,1,1,0,0,5/7/15 3:05,99,99,99,84,99,99,9
1405,2328,游戏,1,1,0,0,5/7/15 3:05,99,99,99,84,99,99,9
1406,12880,"医疗器械,手游",1,1,0,0,5/7/15 3:05,99,99,99,84,99,99,9
1407,2695,影视,1,1,0,0,5/7/15 3:05,99,99,99,84,99,99,9
1408,12570,在线营销,1,1,0,0,5/7/15 3:05,99,99,99,84,99,99,9
1409,12904,"在线营销,O2O,在线家居用品电商",1,1,0,0,5/7/15 3:05,99,99,99,84,99,99,9
1410,2242,"新材料新能源,汽车领域",1,1,0,0,5/7/15 3:05,99,99,99,84,99,99,9
1411,2228,互联网金融,1,1,0,0,5/7/15 3:05,99,99,99,84,99,99,9
1412,1555,"大数据,移动广告,智能家居",1,1,0,0,5/7/15 3:05,99,99,99,84,99,99,9
1413,12394,"在线教育,影视",1,1,0,0,5/7/15 3:05,99,99,99,84,99,99,9
1414,2256,药妆电商,1,1,0,0,5/7/15 3:05,99,99,99,84,99,99,9
1415,24729,海外水处理技术和生产设备制造商,1,1,0,0,5/7/15 3:05,99,99,99,84,99,99,9