889,2583,"汽车电商,节能减排,大宗商品电商",0,0,0,0,2015-03-30 03:05:35,0,0,0,,0,0,5
888,2820,"O2O,电子商务,女性用品电子商务,互联网广告",0,0,0,0,2015-03-30 03:05:35,0,0,0,,0,0,5
887,16515,"新能源,医疗设备",0,0,0,0,2015-03-30 03:05:17,0,0,0,,0,0,5
886,14134,,0,0,0,0,2015-03-13 07:54:33,0,0,0,,0,0,5
885,16781,互联网,0,0,0,0,2015-03-13 07:54:52,0,0,0,,0,0,5
884,14653,"文化传媒,旅游业,消费",0,0,0,0,2015-03-13 07:54:33,0,0,0,,0,0,5
883,65,教育培训,0,0,0,0,2015-03-13 07:58:39,0,0,0,,0,0,5
882,18375,"电子商务,O2O",0,0,0,0,2015-03-13 07:54:33,0,0,0,,0,0,5
881,18375,"社交网站,社交APP,社交软件",0,0,0,0,2015-03-13 07:54:33,0,0,0,,0,0,5
880,18375,金融,0,0,0,0,2015-03-13 07:54:33,0,0,0,,0,0,5
879,2783,医疗健康,0,0,0,0,2015-03-13 07:54:52,0,0,0,,0,0,5
878,82,"机器人,智能,高端制造,高端制造业",0,0,0,0,2015-03-13 07:54:52,0,0,0,,0,0,5
877,82,"医疗健康,医药",0,0,0,0,2015-03-13 07:54:33,0,0,0,,0,0,5
876,82,"金融服务,现代服务,矿产资源,商业地产",0,0,0,0,2015-03-13 07:54:33,0,0,0,,0,0,5
875,82,"信息技术,创新媒体,通信",0,0,0,0,2015-03-13 07:54:33,0,0,0,,0,0,5
874,24755,"医疗健康,高端制造业,机器人,电池",0,0,0,0,2015-03-13 07:58:39,0,0,0,,0,0,5
873,1951,"农药,化肥",0,0,0,0,2015-03-09 08:56:32,0,0,0,,0,0,5
872,24724,医疗健康,0,0,0,0,2015-03-04 07:28:51,0,0,0,,0,0,5
870,2021,"医疗健康,光伏,证券",0,0,0,0,2015-03-04 07:28:36,0,0,0,,0,0,5
869,1627,"能源开采与加工,石油勘探,天然气勘探",4,0,0,0,2015-03-01 10:00:47,0,0,0,,0,0,5
868,2378,环保节能,4,0,0,0,2015-03-01 10:00:47,0,0,0,,0,0,5
867,1326,"软件,信息技术",4,0,0,0,2015-02-26 07:43:50,0,0,0,,0,0,5
866,1420,"节能锅炉,新能源锅炉,机械设备,环保节能",4,0,0,0,2015-02-26 07:43:50,0,0,0,,0,0,5
865,2440,汽车行业,4,0,0,0,2015-02-26 07:43:46,0,0,0,,0,0,5
864,2549,"游戏,网络游戏",4,0,0,0,2015-02-26 07:43:50,0,0,0,,0,0,5
863,12283,"精细化工,食品添加剂,生物农药",4,0,0,0,2015-02-26 07:43:50,0,0,0,,0,0,5
862,1835,"防磨抗蚀新材料,新材料,环保节能",4,0,0,0,2015-02-26 07:43:50,0,0,0,,0,0,5
861,2312,"复合肥,农药与化肥",4,0,0,0,2015-02-26 07:43:50,0,0,0,,0,0,5
860,2183,文化创意,4,0,0,0,2015-02-26 07:43:50,0,0,0,,0,0,5
859,2183,"LED应用,光电科技",4,0,0,0,2015-02-26 07:43:50,0,0,0,,0,0,5
858,2183,"节能服务,环保节能",4,0,0,0,2015-02-26 07:43:50,0,0,0,,0,0,5
857,2183,系统集成,4,0,0,0,2015-02-26 07:43:46,0,0,0,,0,0,5
856,1747,"无线通信设备,对讲机,通信设备",4,0,0,0,2015-02-26 07:43:50,0,0,0,,0,0,5
855,1669,"传感器,仪器仪表,物联网",4,0,0,0,2015-02-26 07:43:47,0,0,0,,0,0,5
854,24707,"互联网金融,企业管理软件",4,0,0,0,2015-02-26 07:43:50,0,0,0,,0,0,5
853,24707,"互联网医药平台,网络彩票,行业网站",4,0,0,0,2015-02-26 07:43:47,0,0,0,,0,0,5
852,24707,"社交平台,网络社区",4,0,0,0,2015-02-26 07:43:46,0,0,0,,0,0,5
851,24707,网络游戏,4,0,0,0,2015-02-26 07:43:50,0,0,0,,0,0,5
850,12472,"医疗器械配置,医疗设备",4,0,0,0,2015-02-26 07:43:46,0,0,0,,0,0,5
849,1741,二氧化碳气体,4,0,0,0,2015-02-26 07:43:50,0,0,0,,0,0,5
848,12310,高温合金生产加工,4,0,0,0,2015-02-26 07:43:50,0,0,0,,0,0,5
847,2327,"软件产业,GIS软件",4,0,0,0,2015-02-26 07:43:50,0,0,0,,0,0,5
846,1958,"闪存应用,移动存储",4,0,0,0,2015-02-26 07:43:50,0,0,0,,0,0,5
845,24731,"油墨,林产化工,林业化工",4,0,0,0,2015-02-26 07:43:47,0,0,0,,0,0,5
844,12663,军工装备,4,0,0,0,2015-02-26 07:43:50,0,0,0,,0,0,5
843,12663,"智能电源,智能机电设备,智能电网控制设备,IT服务,通信设备",4,0,0,0,2015-02-26 07:43:50,0,0,0,,0,0,5
842,1799,"杀虫剂原药及剂型,除草剂原药及剂型,精细化工中间体",4,0,0,0,2015-02-26 07:43:50,0,0,0,,0,0,5
841,24730,"工业节能,工业炉窑节能",4,0,0,0,2015-02-26 07:43:46,0,0,0,,0,0,5
840,24729,污水治理,4,0,0,0,2015-02-26 07:43:50,0,0,0,,0,0,5
839,12983,"汽车模具,汽车零部件",4,0,0,0,2015-02-26 07:43:50,0,0,0,,0,0,5
838,12590,"文化,科技",4,0,0,0,2015-02-26 07:43:50,0,0,0,,0,0,5
837,12657,通信设备,4,0,0,0,2015-02-26 07:43:50,0,0,0,,0,0,5
836,24728,"能源开采与加工,石油勘探,天然气勘探",4,0,0,0,2015-02-26 07:43:50,0,0,0,,0,0,5
835,49,"O2O,电子商务",4,0,0,0,2015-02-26 07:43:50,0,0,0,,0,0,5
834,1977,"环保,环保节能",4,0,0,0,2015-02-26 07:43:50,0,0,0,,0,0,5
833,1977,"水处理,污染监测与治理",4,0,0,0,2015-02-26 07:43:50,0,0,0,,0,0,5
832,2223,智慧城市,4,0,0,0,2015-02-26 07:43:50,0,0,0,,0,0,5
831,12937,"广告传媒,广告制作与代理",4,0,0,0,2015-02-26 07:43:50,0,0,0,,0,0,5
830,12323,"先进高分子膜材料,碳纤维,石墨烯,化工原料",4,0,0,0,2015-02-26 07:43:50,0,0,0,,0,0,5
829,12323,新能源电动汽车,4,0,0,0,2015-02-26 07:43:46,0,0,0,,0,0,5
828,13146,新材料,4,0,0,0,2015-02-26 07:43:50,0,0,0,,0,0,5
827,12543,"机器人,智能制造业",4,0,0,0,2015-02-26 07:43:50,0,0,0,,0,0,5
826,13139,"系统集成,硬件产业",4,0,0,0,2015-02-26 07:43:46,0,0,0,,0,0,5
825,13139,工业电气,4,0,0,0,2015-02-26 07:43:46,0,0,0,,0,0,5
824,12653,阀门,4,0,0,0,2015-02-26 07:43:46,0,0,0,,0,0,5
823,12837,"供电与供热,变电站",4,0,0,0,2015-02-26 07:43:50,0,0,0,,0,0,5
822,2199,海外,4,0,0,0,2015-02-26 07:43:46,0,0,0,,0,0,5
821,12837,工业控制,4,0,0,0,2015-02-26 07:43:50,0,0,0,,0,0,5
820,2111,PC应用,4,0,0,0,2015-02-26 07:43:50,0,0,0,,0,0,5
819,2182,"节能储备技术,电池与储能技术",4,0,0,0,2015-02-26 07:43:50,0,0,0,,0,0,5
818,2182,,4,0,0,0,2015-02-26 07:43:50,0,0,0,,0,0,5
817,2111,"无线应用,移动应用,视频应用",4,0,0,0,2015-02-26 07:43:47,0,0,0,,0,0,5
816,2182,,4,0,0,0,2015-02-26 07:43:50,0,0,0,,0,0,5
815,12744,车联网,4,0,0,0,2015-02-26 07:43:50,0,0,0,,0,0,5
814,1859,旅游业其他,4,0,0,0,2015-02-26 07:43:50,0,0,0,,0,0,5
813,12325,"新能源,清洁能源",4,0,0,0,2015-02-26 07:43:50,0,0,0,,0,0,5
812,12325,节能环保,4,0,0,0,2015-02-26 07:43:50,0,0,0,,0,0,5
811,12325,新材料,4,0,0,0,2015-02-26 07:43:47,0,0,0,,0,0,5
810,1423,"供电与供热,水电",4,0,0,0,2015-02-26 07:43:50,0,0,0,,0,0,5
809,2069,"专用扫描,系统集成,软件集成,应用软件",4,0,0,0,2015-02-26 07:43:50,0,0,0,,0,0,5
808,12851,"机电一体化,机械电子",4,0,0,0,2015-02-26 07:43:50,0,0,0,,0,0,5
807,12390,移动互联网,4,0,0,0,2015-02-26 07:43:50,0,0,0,,0,0,5
806,12390,"智慧交通,大数据",4,0,0,0,2015-02-26 07:43:50,0,0,0,,0,0,5
805,12390,"民航,水运,轨道",4,0,0,0,2015-02-26 07:43:50,0,0,0,,0,0,5
804,13125,塑料管道,4,0,0,0,2015-02-26 07:43:46,0,0,0,,0,0,5
803,482,"清洁能源,能源互联网",4,0,0,0,2015-02-26 07:43:46,0,0,0,,0,0,5
802,12548,"电力电子设计院,半导体芯片",4,0,0,0,2015-02-26 07:43:50,0,0,0,,0,0,5
801,1641,智能人机交互,4,0,0,0,2015-02-26 07:43:50,0,0,0,,0,0,5
800,1494,节能环保,4,0,0,0,2015-02-26 07:43:50,0,0,0,,0,0,5
799,1494,"污水处理,污染监测与治理",4,0,0,0,2015-02-26 07:43:47,0,0,0,,0,0,5
798,12490,"珠宝,箱包,钟表,眼镜",4,0,0,0,2015-02-26 07:43:50,0,0,0,,0,0,5
797,1628,皮革城,4,0,0,0,2015-02-26 07:43:50,0,0,0,,0,0,5
796,2609,"农药,农药与化肥",4,0,0,0,2015-02-26 07:43:50,0,0,0,,0,0,5
795,2609,"医药,医药行业",4,0,0,0,2015-02-26 07:43:50,0,0,0,,0,0,5
794,2609,氟精细化工业,4,0,0,0,2015-02-26 07:43:50,0,0,0,,0,0,5
793,2208,互联网,4,0,0,0,2015-02-26 07:43:47,0,0,0,,0,0,5
792,1508,"在线医疗,医疗服务",4,0,0,0,2015-02-26 07:43:50,0,0,0,,0,0,5
791,1940,医药行业,4,0,0,0,2015-02-26 07:43:46,0,0,0,,0,0,5
790,1508,"在线教育,教育培训",4,0,0,0,2015-02-26 07:43:50,0,0,0,,0,0,5
789,13136,"光伏,新材料",4,0,0,0,2015-02-26 07:43:50,0,0,0,,0,0,5
788,13136,电缆,4,0,0,0,2015-02-26 07:43:47,0,0,0,,0,0,5
787,2191,"办公自动化,应用软件",4,0,0,0,2015-02-26 07:43:47,0,0,0,,0,0,5
786,37,云计算,4,0,0,0,2015-02-26 07:43:50,0,0,0,,0,0,5
785,2178,"汽车,汽车整车,零部件",4,0,0,0,2015-02-26 07:43:46,0,0,0,,0,0,5
784,37,移动互联网,4,0,0,0,2015-02-26 07:43:46,0,0,0,,0,0,5
783,1898,精细化工,4,0,0,0,2015-02-26 07:43:50,0,0,0,,0,0,5
782,1892,"医药,医药行业",4,0,0,0,2015-02-26 07:43:46,0,0,0,,0,0,5
781,13029,"互联网,移动互联网",4,0,0,0,2015-02-26 07:43:50,0,0,0,,0,0,5
780,1575,"建材,新材料,建筑建材",4,0,0,0,2015-02-26 07:43:50,0,0,0,,0,0,5
779,1748,"教育,文化,音乐,语音产业链,文化传媒",4,0,0,0,2015-02-26 07:43:50,0,0,0,,0,0,5
778,46,"能源及矿业,矿业",4,0,0,0,2015-02-26 07:43:47,0,0,0,,0,0,5
777,12579,"高端装备,机器人",4,0,0,0,2015-02-26 07:43:50,0,0,0,,0,0,5
776,12919,柔性智能生产线,4,0,0,0,2015-02-26 07:43:50,0,0,0,,0,0,5
775,1427,房地产,4,0,0,0,2015-02-26 07:43:47,0,0,0,,0,0,5
774,12919,"汽车,汽车行业",4,0,0,0,2015-02-26 07:43:50,0,0,0,,0,0,5
773,1427,专车,4,0,0,0,2015-02-26 07:43:50,0,0,0,,0,0,5
772,12989,互联网运营,4,0,0,0,2015-02-26 07:43:50,0,0,0,,0,0,5
771,2152,"交通,咨询,交通运输",4,0,0,0,2015-02-26 07:43:47,0,0,0,,0,0,5
770,12527,文化传媒,4,0,0,0,2015-02-26 07:43:50,0,0,0,,0,0,5
769,12527,"机床工具,机械设备",4,0,0,0,2015-02-26 07:43:46,0,0,0,,0,0,5
768,12525,环保节能,4,0,0,0,2015-02-26 07:43:50,0,0,0,,0,0,5
767,12525,"电力信息化,智慧电网",4,0,0,0,2015-02-26 07:43:46,0,0,0,,0,0,5
766,1836,"环保节能,自来水供应,水质净化剂,城市污水处理",4,0,0,0,2015-02-26 07:43:50,0,0,0,,0,0,5
765,12567,"化学工业,发制品",4,0,0,0,2015-02-26 07:43:47,0,0,0,,0,0,5
764,1217,"汽车行业,汽车零部件",4,0,0,0,2015-02-26 07:43:50,0,0,0,,0,0,5
763,2179,发电,4,0,0,0,2015-02-26 07:43:50,0,0,0,,0,0,5
762,12918,航空发动机零部件,4,0,0,0,2015-02-26 07:43:50,0,0,0,,0,0,5
761,12941,汽车销售,4,0,0,0,2015-02-26 07:43:50,0,0,0,,0,0,5
760,13027,"制造业,精密器械",4,0,0,0,2015-02-26 07:43:50,0,0,0,,0,0,5
759,1336,"有色金属,战略金属",4,0,0,0,2015-02-26 07:43:50,0,0,0,,0,0,5
758,13041,"文化传媒,文化娱乐",4,0,0,0,2015-02-26 07:43:50,0,0,0,,0,0,5
757,13041,农产品深加工,4,0,0,0,2015-02-26 07:43:50,0,0,0,,0,0,5
756,24690,新材料,99,0,0,0,2015-02-26 07:43:50,0,0,0,,0,0,4
755,24690,新能源,99,0,0,0,2015-02-26 07:43:50,0,0,0,,0,0,4
754,24690,汽车零部件,99,0,0,0,2015-02-26 07:43:50,0,0,0,,0,0,5
753,24690,"影视音乐,影视制作",99,0,0,0,2015-02-26 07:43:50,0,0,0,,0,0,5
752,1675,医药,4,0,0,0,2015-02-26 07:43:50,0,0,0,,0,0,5
751,1549,"能源开采与加工,合金",4,0,0,0,2015-02-26 07:43:50,0,0,0,,0,0,5
750,1549,"稀土金属,稀土磁功能",4,0,0,0,2015-02-26 07:43:46,0,0,0,,0,0,5
749,1549,"光电科技,光电子工艺制程配套材料,发光功能材料,光纤配套材料,红外光学材料",4,0,0,0,2015-02-26 07:43:50,0,0,0,,0,0,5
748,1549,"半导体芯片,半导体材料,化合物半导体材料,微电子工艺",4,0,0,0,2015-02-26 07:43:50,0,0,0,,0,0,5
747,1375,"生物制品,兽药",4,0,0,0,2015-02-26 07:43:50,0,0,0,,0,0,5
746,2173,电子行业,4,0,0,0,2015-02-26 07:43:50,0,0,0,,0,0,5
745,13071,医疗健康,4,0,0,0,2015-02-26 07:43:46,0,0,0,,0,0,5
744,13071,服装,4,0,0,0,2015-02-26 07:43:50,0,0,0,,0,0,5
743,1925,"能源开采与加工,油气项目",4,0,0,0,2015-02-26 07:43:50,0,0,0,,0,0,5
742,1670,超硬材料,4,0,0,0,2015-02-26 07:43:50,0,0,0,,0,0,5
741,2101,"建筑工程,建筑技术,机械设备租赁",4,0,0,0,2015-02-26 07:43:46,0,0,0,,0,0,5
740,2420,电力,4,0,0,0,2015-02-26 07:43:50,0,0,0,,0,0,5
739,2087,"锂电池,储能",4,0,0,0,2015-02-26 07:43:47,0,0,0,,0,0,5
738,2087,"汽车零配件,汽车安全,新能源汽车,eps",4,0,0,0,2015-02-26 07:43:50,0,0,0,,0,0,5
737,2087,"光伏,光热,新能源",4,0,0,0,2015-02-26 07:43:50,0,0,0,,0,0,5
736,12845,远洋捕捞,4,0,0,0,2015-02-26 07:43:50,0,0,0,,0,0,5
735,1780,能源开采与加工,4,0,0,0,2015-02-13 08:37:46,0,0,0,,0,0,5
734,12403,清洁能源,4,0,0,0,2015-02-13 08:37:52,0,0,0,,0,0,5
733,12403,锂电池,4,0,0,0,2015-02-13 08:37:52,0,0,0,,0,0,5
732,12403,房地产,4,0,0,0,2015-02-13 08:37:52,0,0,0,,0,0,5
731,24579,农业供应链,4,0,0,0,2015-02-13 08:37:46,0,0,0,,0,0,5
730,24579,金融其它,4,0,0,0,2015-02-13 08:37:46,0,0,0,,0,0,5
729,1802,"半导体芯片,电子材料",4,0,0,0,2015-02-13 08:37:52,0,0,0,,0,0,5
728,1950,"集成电路封装,集成电路测试,半导体芯片",4,0,0,0,2015-02-13 08:37:52,0,0,0,,0,0,5
727,12881,"新能源风光储电站,能源开采与加工",4,0,0,0,2015-02-13 08:37:52,0,0,0,,0,0,5
726,12881,"智能电网,供电与供热",4,0,0,0,2015-02-13 08:37:52,0,0,0,,0,0,5
725,2328,云计算,0,0,0,0,2015-02-13 08:37:52,0,0,0,,0,0,5
724,2328,移动通信,0,0,0,0,2015-02-13 08:37:52,0,0,0,,0,0,5
723,2328,网络游戏,4,0,0,0,2015-02-13 08:37:52,0,0,0,,0,0,5
722,12380,"工程建设设计,咨询,监理",4,0,0,0,2015-02-13 08:37:46,0,0,0,,0,0,5
721,2328,半导体芯片,4,0,0,0,2015-02-13 08:38:15,0,0,0,,0,0,5
720,12788,"电力变压器,供电与供热",4,0,0,0,2015-02-13 08:37:52,0,0,0,,0,0,5
719,12485,文化产业,4,0,0,0,2015-02-13 08:37:52,0,0,0,,0,0,5
718,2415,"新材料,电接触功能复合材料",4,0,0,0,2015-02-13 08:38:15,0,0,0,,0,0,5
717,2489,"节能环保产业,环保节能",4,0,0,0,2015-02-13 08:37:52,0,0,0,,0,0,5
716,12599,仓储物流类智能装备,4,0,0,0,2015-02-13 08:37:46,0,0,0,,0,0,5
715,12817,"生物医药,医药行业",4,0,0,0,2015-02-13 08:37:52,0,0,0,,0,0,5
714,2601,新材料,4,0,0,0,2015-02-13 08:37:52,0,0,0,,0,0,5
713,2219,"户外媒体,户外广告",4,0,0,0,2015-02-13 08:37:52,0,0,0,,0,0,5
712,13135,矿山,4,0,0,0,2015-02-13 08:37:46,0,0,0,,0,0,5
711,13135,锂电材料,4,0,0,0,2015-02-13 08:38:15,0,0,0,,0,0,5
710,2157,医药行业,4,0,0,0,2015-02-13 08:37:52,0,0,0,,0,0,5
709,1683,磁铁,4,0,0,0,2015-02-13 08:37:46,0,0,0,,0,0,5
708,1683,太阳能,4,0,0,0,2015-02-13 08:37:52,0,0,0,,0,0,5
707,2194,柔性电路板,1,0,0,0,2015-02-13 08:37:46,0,0,0,,0,0,5
706,1489,"化工项目,化学工业",4,0,0,0,2015-02-13 08:37:46,0,0,0,,0,0,5
705,2393,"可穿戴设备,智能家居",4,0,0,0,2015-02-13 08:37:52,0,0,0,,0,0,5
704,1900,旅游,4,0,0,0,2015-02-13 08:37:52,0,0,0,,0,0,5
703,12531,"电子元器件,硬件产业",4,0,0,0,2015-02-13 08:37:52,0,0,0,,0,0,5
702,2575,"医药,医药行业",4,0,0,0,2015-02-13 08:37:52,0,0,0,,0,0,5
701,1308,软件产业,4,0,0,0,2015-02-13 08:37:52,0,0,0,,0,0,5
700,12539,机器人,4,0,0,0,2015-02-13 08:37:52,0,0,0,,0,0,5
699,1704,"医药,医药行业",4,0,0,0,2015-02-13 08:37:52,0,0,0,,0,0,5
698,1751,"半导体芯片,cpu芯片",4,0,0,0,2015-02-13 08:37:46,0,0,0,,0,0,5
697,1441,"电动动力,汽车零部件",4,0,0,0,2015-02-13 08:37:52,0,0,0,,0,0,5
696,1441,金融,4,0,0,0,2015-02-13 08:37:52,0,0,0,,0,0,5
695,1441,"大型农业机械,机械设备",4,0,0,0,2015-02-13 08:37:46,0,0,0,,0,0,5
694,12606,医疗保健,4,0,0,0,2015-02-13 08:37:46,0,0,0,,0,0,5
693,12316,医疗健康,4,0,0,0,2015-02-13 08:37:52,0,0,0,,0,0,5
692,12316,教育培训,4,0,0,0,2015-02-13 08:37:52,0,0,0,,0,0,5
691,12316,互联网,4,0,0,0,2015-02-13 08:37:52,0,0,0,,0,0,5
690,2323,锂离子电池模组,4,0,0,0,2015-02-13 08:37:52,0,0,0,,0,0,5
689,2694,"医药行业,慢性病管理",4,0,0,0,2015-02-13 08:37:52,0,0,0,,0,0,5
688,1512,"医药行业,化学制药",4,0,0,0,2015-02-13 08:37:52,0,0,0,,0,0,5
687,1593,"零售,批发,零售",4,0,0,0,2015-02-13 08:37:52,0,0,0,,0,0,5
686,12860,"医药行业,制药器械",4,0,0,0,2015-02-13 08:37:52,0,0,0,,0,0,5
685,12654,,4,0,0,0,2015-02-13 08:37:46,0,0,0,,0,0,5
684,13120,"环保项目,环保节能",4,0,0,0,2015-02-13 08:37:46,0,0,0,,0,0,5
683,32,"垂直沟通应用,移动互联网",4,0,0,0,2015-02-13 08:37:52,0,0,0,,0,0,5
682,13120,"制造业,环保",4,0,0,0,2015-02-13 08:37:52,0,0,0,,0,0,5
681,12831,新能源,4,0,0,0,2015-02-13 08:37:52,0,0,0,,0,0,5
680,12783,"医药行业,保健品,慢性病,营养补充剂",4,0,0,0,2015-02-13 08:37:52,0,0,0,,0,0,5
679,2469,"医药行业,中药配方颗粒",4,0,0,0,2015-02-13 08:37:52,0,0,0,,0,0,5
678,12948,生物技术,4,0,0,0,2015-02-13 08:37:52,0,0,0,,0,0,5
677,12948,,4,0,0,0,2015-02-13 08:37:52,0,0,0,,0,0,5
676,2407,"生物技术,疫苗,血液制品,医药销售",4,0,0,0,2015-02-13 08:37:52,0,0,0,,0,0,5
675,1584,"化工原料,化工原料",4,0,0,0,2015-02-13 08:37:52,0,0,0,,0,0,5
674,1584,"化肥,农药与化肥",4,0,0,0,2015-02-13 08:37:52,0,0,0,,0,0,5
673,12960,电动汽车,4,0,0,0,2015-02-13 08:37:52,0,0,0,,0,0,5
672,2305,固废处理,4,0,0,0,2015-02-13 08:37:52,0,0,0,,0,0,3
671,12583,"光伏,太阳能",4,0,0,0,2015-02-13 08:37:52,0,0,0,,0,0,5
670,12282,"金融,金融服务",4,0,0,0,2015-02-13 08:37:52,0,0,0,,0,0,5
669,12372,"农产品精加工,农产品深加工,天然植物提取",4,0,0,0,2015-02-13 08:37:52,0,0,0,,0,0,5
668,1440,"生物技术,疫苗",4,0,0,0,2015-02-13 08:37:46,0,0,0,,0,0,5
667,1638,电子商务,4,0,0,0,2015-02-13 08:37:52,0,0,0,,0,0,5
666,2391,医药行业,4,0,0,0,2015-02-13 08:37:46,0,0,0,,0,0,5
665,13062,"环保节能,电力行业节能环保",4,0,0,0,2015-02-13 08:37:52,0,0,0,,0,0,5
664,12496,"印制线路板,液晶显示器",4,0,0,0,2015-02-13 08:37:52,0,0,0,,0,0,5
663,13023,"机械设备,沥青加热,运输设备,筑养路机械",4,0,0,0,2015-02-13 08:37:46,0,0,0,,0,0,5
662,1359,"北斗卫星导航,IT",4,0,0,0,2015-02-13 08:37:52,0,0,0,,0,0,5
661,13175,"文化传媒,媒体",4,0,0,0,2015-02-13 08:37:46,0,0,0,,0,0,5
660,2268,"汽车,汽车行业",4,0,0,0,2015-02-13 08:38:15,0,0,0,,0,0,5
659,12354,"传媒出版,传媒出版",4,0,0,0,2015-02-13 08:37:52,0,0,0,,0,0,5
658,2466,"光电,物联,光电科技",4,0,0,0,2015-02-13 08:37:52,0,0,0,,0,0,5
657,1769,民营医院,4,0,0,0,2015-02-13 08:37:52,0,0,0,,0,0,5
656,1769,"汽车保险杠,汽车零部件",4,0,0,0,2015-02-13 08:37:52,0,0,0,,0,0,5
655,2501,社区服务,4,0,0,0,2015-02-13 08:37:46,0,0,0,,0,0,5
654,2501,智能家居,4,0,0,0,2015-02-13 08:37:46,0,0,0,,0,0,5
653,1415,"天然气,供气",4,0,0,0,2015-02-13 08:37:46,0,0,0,,0,0,5
652,2406,"教育,教育培训",4,0,0,0,2015-02-13 08:37:52,0,0,0,,0,0,5
651,1558,"汽车零部件,元器件,半导体器件,厚膜集成电路,汽车电子,传感模块",4,0,0,0,2015-02-13 08:37:52,0,0,0,,0,0,5
650,12701,"能源及矿业,集页岩油气,油田服务",4,0,0,0,2015-02-13 08:37:46,0,0,0,,0,0,5
649,1843,"医药,大健康",4,0,0,0,2015-02-13 08:37:52,0,0,0,,0,0,5
648,12977,"通信设备,文化传媒",4,0,0,0,2015-02-13 08:37:52,0,0,0,,0,0,5
647,2010,"明胶,化工原料",4,0,0,0,2015-02-13 08:37:46,0,0,0,,0,0,5
646,1333,"环保,水环境治理,环保节能",4,0,0,0,2015-02-13 08:37:52,0,0,0,,0,0,5
645,1572,"工业供气,供气",4,0,0,0,2015-02-13 08:37:52,0,0,0,,0,0,5
644,1368,"环保节能,环保",4,0,0,0,2015-02-13 08:37:46,0,0,0,,0,0,5
643,2315,"影视音乐,数字电视,影视",4,0,0,0,2015-02-13 08:37:46,0,0,0,,0,0,5
642,2315,互联网金融,4,0,0,0,2015-02-13 08:37:46,0,0,0,,0,0,5
641,2664,"电子商务,电子商务",4,0,0,0,2015-02-13 08:37:46,0,0,0,,0,0,5
640,14094,电信及增值,0,1,"100,000,000","200,000,000",2015-02-13 08:37:52,0,0,0,84,2,0,5
639,2664,"移动互联网,移动互联网",4,0,0,0,2015-02-13 08:38:15,0,0,0,,0,0,5
638,12297,医疗健康其他,4,0,0,0,2015-02-13 08:37:52,0,0,0,,0,0,5
637,1454,"工业控制,工业计算机,硬件产业",4,0,0,0,2015-02-13 08:37:52,0,0,0,,0,0,5
636,1454,"抗菌盖板玻璃,3D盖板玻璃,汽车零部件,车载",4,0,0,0,2015-02-13 08:37:52,0,0,0,,0,0,5
635,12497,食品,1,0,0,0,2015-02-13 08:37:46,0,0,0,,0,0,5
634,2310,"网络广告,互联网营销,品牌资源广告,公关,媒介代理",4,0,0,0,2015-02-13 08:37:46,0,0,0,,0,0,5
633,2625,"房地产,房地产开发",4,0,0,0,2015-02-13 08:37:52,0,0,0,,0,0,5
632,2310,广告制作与代理,4,0,0,0,2015-02-13 08:37:52,0,0,0,,0,0,5
631,2625,"高新技术,能源开采与加工",4,0,0,0,2015-02-13 08:37:52,0,0,0,,0,0,5
630,1945,"汽车贸易,汽车租赁,汽车修理",4,0,0,0,2015-02-13 08:37:52,0,0,0,,0,0,5
629,1945,"培训教育,教育培训",4,0,0,0,2015-02-13 08:37:46,0,0,0,,0,0,5
628,1945,"广告,广告制作与代理",4,0,0,0,2015-02-13 08:38:15,0,0,0,,0,0,5
627,1945,"发电,供电与供热",4,0,0,0,2015-02-13 08:37:46,0,0,0,,0,0,5
626,1945,"房地产开发,物业",4,0,0,0,2015-02-13 08:37:52,0,0,0,,0,0,5
625,1945,旅游服务,4,0,0,0,2015-02-13 08:37:52,0,0,0,,0,0,5
624,2685,金融,1,1,"5,000,000,000","10,000,000,000",2015-02-13 08:37:52,0,0,0,,8,0,5
623,42,网络游戏,4,0,0,0,2015-02-13 08:37:52,0,0,0,,0,0,5
622,2685,"LED,光电科技",1,1,"5,000,000,000","10,000,000,000",2015-02-13 08:38:15,0,0,0,,8,0,5
621,2685,"石墨烯,能源开采与加工",1,1,"5,000,000,000","10,000,000,000",2015-02-13 08:37:52,0,0,0,,8,0,5
620,2685,"光电显示,硬件产业",1,1,"5,000,000,000","10,000,000,000",2015-02-13 08:37:52,0,0,0,,8,0,5
619,1755,"医疗服务,肝病",4,0,0,0,2015-02-13 08:38:15,0,0,0,84,0,0,5
618,12912,"智慧城市,IT技术服务,IT服务",4,0,0,0,2015-02-13 08:37:52,0,0,0,,0,0,5
617,12784,"IP,娱乐平台,移动游戏,网络游戏,网络社区",4,0,0,0,2015-02-13 08:37:46,0,0,0,84,0,0,5
616,13138,"新能源车辆动力总成,车载旋转电器,汽车零部件",4,0,0,0,2015-02-09 07:11:10,0,0,0,,0,0,5
615,13090,"输送带,胶片,胶管",0,0,0,0,2015-02-09 07:11:14,0,0,0,,0,0,5
614,12297,在线教育,4,0,0,0,2015-02-09 07:11:14,0,0,0,,0,0,5
613,1707,"旅游产业,地产",0,0,0,0,2015-02-09 07:11:14,0,0,0,,0,0,5
612,1464,,0,0,0,0,2015-02-09 07:11:10,0,0,0,,0,0,5
611,2241,电子商务,4,0,0,0,2015-02-09 07:11:14,0,0,0,,0,0,5
610,57,医疗服务,0,0,0,0,2015-02-09 07:11:14,0,0,0,,0,0,5
609,1775,道路沥青,4,0,0,0,2015-02-09 07:11:10,0,0,0,,0,0,5
608,12593,"水处理,固废处理",4,0,0,0,2015-02-02 08:21:18,0,0,0,,0,0,5
607,1590,"供热,供电与供热",4,0,0,0,2015-02-02 08:21:18,0,0,0,,0,0,5
606,12896,"UPS,充电桩,电池与储能技术",0,0,0,0,2015-02-02 08:21:18,0,0,0,,0,0,5
605,12683,"火腿,食品",0,0,0,0,2015-02-02 08:21:18,0,0,0,,0,0,5
604,12777,电缆,0,0,0,0,2015-02-02 08:21:18,0,0,0,,0,0,5
603,2142,"石油,能源开采与加工",4,0,0,0,2015-02-02 08:23:04,0,0,0,,0,0,5
602,13123,"高分子,线缆",4,0,0,0,2015-02-02 08:49:27,0,0,0,,0,0,5
601,1892,"农药与化肥,农药",4,0,0,0,2015-02-02 08:21:24,0,0,0,,0,0,5
600,1633,金融,4,0,0,0,2015-02-02 08:21:24,0,0,0,,0,0,5
599,12879,化妆品包装,4,0,0,0,2015-02-02 08:49:27,0,0,0,,0,0,5
598,12579,互联网,4,0,0,0,2015-02-02 08:21:18,0,0,0,,0,0,5
597,12984,"汽车胶管,汽车流体管路",4,0,0,0,2015-01-31 08:59:12,0,0,0,,0,0,5
596,12363,"轴承,汽车精密轴承,汽车集成轴承",4,0,0,0,2015-01-31 08:59:12,0,0,0,,0,0,5
595,12995,"医药装备,医疗器械",4,0,0,0,2015-01-31 08:59:12,0,0,0,,0,0,5
594,1273,计算机应用,4,0,0,0,2015-01-31 08:59:12,0,0,0,,0,0,5
593,2284,信息网络,4,0,0,0,2015-01-31 08:59:12,0,0,0,,0,0,5
592,12766,信息安全,4,0,0,0,2015-01-31 08:59:12,0,0,0,,0,0,5
591,305,"能源及矿业,矿产",4,0,0,0,2015-01-31 08:59:12,0,0,0,,0,0,5
590,1855,"能源及矿业,矿产",4,0,0,0,2015-01-31 08:59:12,0,0,0,,0,0,5
589,2269,"农化产品,农药与化肥",4,0,0,0,2015-01-31 08:59:12,0,0,0,,0,0,5
588,2471,家具,0,0,,,2015-01-31 08:59:12,0,0,0,,0,0,5
587,13084,鞋业,0,0,,,2015-01-31 08:59:12,0,0,0,,0,0,5
586,12385,"供水,供排水",4,0,,,2015-01-31 08:59:12,0,0,0,,0,0,5
585,44,"出版公司,文化传媒",4,0,0,0,2015-01-31 08:59:12,0,0,0,,0,0,5
584,1197,矿业,4,0,0,0,2015-01-31 08:59:12,0,0,0,,0,0,5
583,1767,"建筑建材,建筑装饰",4,0,0,0,2015-01-31 08:59:12,0,0,0,,0,0,5
582,1899,"新能源汽车,汽车轻量化,汽车电子化",0,0,,,2015-01-31 08:59:12,0,0,0,,0,0,5
581,13130,"LNG及其装备,能源及矿业,煤矿及煤机设备,工业自动化装备制造",4,0,0,0,2015-01-31 08:59:12,0,0,0,,0,0,5
580,2636,"可再生能源,可再生能源产业上下游,清洁能源",0,0,,,2015-01-31 08:59:12,0,0,0,,0,0,5
579,12837,"硬件产业,电力电子产业上下游",4,0,0,0,2015-01-31 08:59:12,0,0,0,,0,0,5
578,171,"房地产开发,新型房地产业务",4,0,0,0,2015-01-31 08:59:12,0,0,0,,0,0,5
577,12685,"男装,服饰鞋帽",0,0,,,2015-01-31 08:59:12,0,0,0,,0,0,5
576,2304,互联网证券,4,0,0,0,2015-01-31 08:59:12,0,0,0,,0,0,5
575,1339,"新能源,环保,清洁能源",0,0,,,2015-01-31 08:59:12,0,0,0,,0,0,5
573,12646,"新能源,环保节能,节能,清洁能源",4,0,0,0,2015-01-31 08:59:12,0,0,0,,0,0,5
572,12646,"智能电网,供电",4,0,0,0,2015-01-31 08:59:12,0,0,0,,0,0,5
571,1795,"废物及危险品治理,污水处理",4,0,,,2015-01-31 08:59:12,0,0,0,,0,0,5
570,12387,"创意资源,文化资产,文化传媒",4,0,0,0,2015-01-31 08:59:12,0,0,0,,0,0,5
569,2013,"煤炭上下游,能源开采",4,0,0,0,2015-01-31 08:59:12,0,0,0,,0,0,5
568,12466,五金,4,0,0,0,2015-01-31 08:59:12,0,0,0,,0,0,5
567,1868,"医疗器械,医疗设备",4,0,0,0,2015-01-31 08:59:12,0,0,0,,0,0,5
566,1871,"煤炭,能源开采",4,0,0,0,2015-01-31 08:59:12,0,0,0,,0,0,5
565,1924,"医院,医疗服务",4,0,0,0,2015-01-31 08:59:12,0,0,0,,0,0,5
563,2266,"供水,供气上下游产业,电力,供电与供热",4,0,0,0,2015-01-31 08:59:12,0,0,0,,0,0,5
562,2266,"供气上下游产业,供气",4,0,,,2015-01-31 08:59:12,0,0,0,,0,0,5
561,1577,"O2O,电子商务",4,0,0,0,2015-01-31 08:59:12,0,0,0,,0,0,5
560,2429,"儿科药,妇科药,日化,植物药,保健品,医药行业",4,0,0,0,2015-01-31 08:59:12,0,0,0,,0,0,5
559,12303,"海外并购,线缆,机械设备",4,0,0,0,2015-01-31 08:59:12,0,0,0,,0,0,5
558,2296,"海外并购,装备制造,机械设备",4,0,0,0,2015-01-31 08:59:12,0,0,0,,0,0,5
557,12792,果蔬汁,4,0,0,0,2015-01-31 08:59:12,0,0,0,,0,0,5
556,1853,"医药产业园,医药行业",4,0,0,0,2015-01-31 08:59:12,0,0,0,,0,0,5
555,12365,"视频广告,网络广告,无线广告,移动互联网广告",4,0,0,0,2015-01-31 08:59:12,0,0,0,,0,0,5
554,12365,"视频广告,网络广告,移动互联网广告",4,0,0,0,2015-01-31 08:59:12,0,0,0,,0,0,5
553,1649,"生物制药,医药行业,处方药",4,0,0,0,2015-01-31 08:59:12,0,0,0,,0,0,5
552,59,"硬件产业,安防监控业务,智能视频分析,智能交通,商业智能安防",4,0,0,0,2015-01-31 08:59:12,0,0,0,,0,0,5
551,2529,"焦化产业中游,能源开采",4,0,0,0,2015-01-31 08:59:12,0,0,0,,0,0,5
550,1827,"移动互联网彩票,网络游戏,游戏",4,0,0,0,2015-01-31 08:59:12,0,0,0,,0,0,5
549,1827,"移动互联网彩票,移动互联网,游戏",4,0,0,0,2015-01-31 08:59:12,0,0,0,,0,0,5
548,2507,"有色金属冶炼与加工,金矿",4,0,0,0,2015-01-31 08:59:12,0,0,0,,0,0,5
547,2400,"口腔医院,医疗服务",4,0,0,0,2015-01-31 08:59:12,0,0,0,,0,0,5
546,12359,"新闻出版资源,互联网金融,文化传媒,网游,手游,网络视频,数字教育,影视资源",4,0,0,0,2015-01-31 08:59:12,0,0,0,,0,0,5
545,12359,"新闻出版资源,互联网金融,网游,手游,网络视频,数字教育,影视资源",4,0,0,0,2015-01-31 08:59:12,0,0,0,,0,0,5
544,12359,"新闻出版资源,互联网金融,网游,手游,网络视频,金融,数字教育,影视资源",4,0,0,0,2015-01-31 08:59:12,0,0,0,,0,0,5
543,12359,"教育培训,新闻出版资源,互联网金融,网游,手游,网络视频,数字教育,影视资源",4,0,0,0,2015-01-31 08:59:12,0,0,0,,0,0,5
542,12359,"手机游戏,新闻出版资源,互联网金融,网游,手游,网络视频,数字教育,影视资源",4,0,0,0,2015-01-31 08:59:12,0,0,0,,0,0,5
541,12359,"网络游戏,新闻出版资源,互联网金融,网游,手游,网络视频,数字教育,影视资源",4,0,0,0,2015-01-31 08:59:12,0,0,0,,0,0,5
540,1865,"金矿,矿业,有色金属冶炼与加工",4,0,0,0,2015-01-31 08:59:12,0,0,0,,0,0,5
539,1893,"疫苗,生物技术",4,0,0,0,2015-01-31 08:59:12,0,0,0,,0,0,5
538,12405,"海外并购,食品,食糖",4,0,0,0,2015-01-31 08:59:12,0,0,0,,0,0,5
537,12807,"发制品,纺织行业",4,0,0,0,2015-01-31 08:59:12,0,0,0,,0,0,5
535,1370,"矿山,能源开采与加工",1,0,,,2015-01-31 08:59:12,0,0,0,,0,0,5
534,1969,"汽车安全,汽车安全领域",1,0,,,2015-01-31 08:59:12,0,0,0,,0,0,5
533,1343,百货,1,0,,,2015-01-31 08:59:12,0,0,0,,0,0,5
532,2103,金融服务,4,0,,,2015-01-31 08:59:12,0,0,0,,0,0,5
531,2084,"房地产,房地产开发,通信",4,0,,,2015-01-31 08:59:12,0,0,0,,0,0,5
530,1650,,4,0,,,2015-01-31 08:59:12,0,0,0,,0,0,5
529,2105,,1,0,,,2015-01-31 08:59:12,0,0,0,,0,0,5
528,1888,"电力,供电与供热",0,0,,,2015-01-31 08:59:12,0,0,0,,0,0,5
527,2170,电力,4,0,0,0,2015-01-31 08:59:12,0,0,0,,0,0,5
526,1324,"海外并购,媒体,文化传媒",1,0,,,2015-01-31 08:59:12,0,0,0,,0,0,5
525,2085,"常熟,化学原料,内蒙的有机氟",4,0,,,2015-01-31 08:59:12,0,0,0,84,0,0,5
524,2707,"具体方向,文化传媒,新兴文化产业",1,0,,,2015-01-31 08:59:12,0,0,0,,0,0,5
523,2728,"化学工业,化学工业海外并购",4,0,,,2015-01-31 08:59:12,0,0,0,,0,0,5
522,12844,"酿酒,黄酒",0,0,,,2015-01-31 08:59:12,0,0,0,,0,0,5
521,2730,"光电显示器件上下游产业,智慧城市,智能安防产业链,智能校园,光电科技",1,0,,,2015-01-31 08:59:12,0,0,0,,0,0,5
520,1511,"海外并购,硬件产业,PCB业务,电路板",4,0,,,2015-01-31 08:59:12,0,0,0,,0,0,5
519,1610,"药品生产制造,医药行业",1,0,,,2015-01-31 08:59:12,0,0,0,,0,0,5
518,12976,"供电与供热,智能电力",4,0,0,0,2015-01-31 08:59:12,0,0,0,,0,0,5
517,2521,"社交网络,云计算,大数据",4,0,0,0,2015-01-31 08:59:12,0,0,0,,0,0,5
516,12915,医疗器械,4,0,0,0,2015-01-31 08:59:12,0,0,0,,0,0,5
515,123,"水泥项目,水泥上下游产业链,建筑材料",4,0,0,0,2015-01-31 08:59:12,0,0,0,,0,0,5
514,45,矿业方面,0,0,,,2015-01-31 08:59:12,0,0,0,,0,0,5
513,2552,"医药行业,中药,植物药",4,0,0,0,2015-01-31 08:59:12,0,0,0,,0,0,5
512,2324,"金融,软件",4,0,0,0,2015-01-31 08:59:12,0,0,0,,0,0,5
511,1744,"投资赢家产品,2.0业务：算法交易系统,资讯数据库,金融工作站,数米基金网",4,0,,,2015-01-31 08:59:12,0,0,0,,0,0,5
510,12598,医药,4,0,0,0,2015-01-31 08:59:12,0,0,0,,0,0,5
509,12989,互联网运营,4,0,0,0,2015-01-31 08:59:12,0,0,0,,0,0,5
508,1255,化学制品,4,0,0,0,2015-01-31 08:59:12,0,0,0,,0,0,5
507,12383,"计算机应用,信息安全",4,0,0,0,2015-01-31 08:59:12,0,0,0,,0,0,5
506,1604,"航空机电产品,新兴产业,汽车机电系统,密封胶条系统,热交换器系统,现代生产型服务业",4,0,0,0,2015-01-31 08:59:12,0,0,0,,0,0,5
505,2571,医药,0,0,,,2015-01-31 08:59:12,0,0,0,,0,0,5
504,1872,"中药,医药行业",4,0,0,0,2015-01-31 08:59:12,0,0,0,,0,0,5
503,2484,天然气,4,0,0,0,2015-01-31 08:59:12,0,0,0,,0,0,5
502,2293,"化学工业,化工产业",4,0,0,0,2015-01-31 08:59:12,0,0,0,,0,0,5
501,2528,"能源及矿业,矿产",4,0,0,0,2015-01-31 08:59:12,0,0,0,,0,0,5
500,1995,"能源及矿业,铜",4,0,0,0,2015-01-31 08:59:12,0,0,0,,0,0,5
499,1505,铅蓄电池,4,0,0,0,2015-01-31 08:59:12,0,0,0,,0,0,5
498,12273,轮胎,4,0,0,0,2015-01-31 08:59:12,0,0,0,,0,0,5
497,13143,"汽车行业,汽车",4,0,0,0,2015-01-31 08:59:12,0,0,0,,0,0,5
496,1975,"水泥,混凝土",4,0,0,0,2015-01-31 08:59:12,0,0,0,,0,0,5
495,12993,"养殖综合体,饲料",4,0,0,0,2015-01-31 08:59:12,0,0,0,,0,0,5
494,12499,"造纸,热敏记录纸,无碳复写纸",4,0,0,0,2015-01-31 08:59:12,0,0,0,,0,0,5
493,13047,奶源基地,4,0,0,0,2015-01-31 08:59:12,0,0,0,,0,0,5
492,1866,"医药行业,医药",4,0,0,0,2015-01-31 08:59:12,0,0,0,,0,0,5
491,1264,房地产,4,0,0,0,2015-01-31 08:59:12,0,0,0,,0,0,5
490,12394,"文化,文化传媒",4,0,0,0,2015-01-31 08:59:12,0,0,0,,0,0,5
489,1585,"交通运输,公路",4,0,0,0,2015-01-31 08:59:12,0,0,0,,0,0,5
488,2700,有色冶炼加工,4,0,0,0,2015-01-31 08:59:12,0,0,0,,0,0,5
487,2581,化学品,4,0,0,0,2015-01-31 08:59:12,0,0,0,,0,0,5
486,2497,医药行业,4,0,0,0,2015-01-31 08:59:12,0,0,0,,0,0,5
485,1387,房地产,4,0,0,0,2015-01-31 08:59:12,0,0,0,,0,0,5
484,1546,环境服务,4,0,0,0,2015-01-31 08:59:12,0,0,0,,0,0,5
483,1582,"新能源,水力发电",4,0,0,0,2015-01-31 08:59:12,0,0,0,,0,0,5
482,1671,"药物品种,医药行业",4,0,0,0,2015-01-31 08:59:12,0,0,0,,0,0,5
481,2003,"供水,水务",4,0,0,0,2015-01-31 08:59:12,0,0,0,,0,0,5
480,1761,清洁能源,4,0,0,0,2015-01-31 08:59:12,0,0,0,,0,0,5
479,12604,"淡水鱼类,淡水水产品养殖,食品",4,0,0,0,2015-01-31 08:59:12,0,0,0,,0,0,5
478,12410,"食品,水产食品",4,0,0,0,2015-01-31 08:59:12,0,0,0,,0,0,5
477,1586,"药物品种,医药行业,医药企业",4,0,0,0,2015-01-31 08:59:12,0,0,0,,0,0,5
476,13041,移动互联网应用,4,0,0,0,2015-01-31 08:59:12,0,0,0,,0,0,5
475,1845,商业地产,4,0,0,0,2015-01-31 08:59:12,0,0,0,,0,0,5
474,2621,"海洋工程, 金融服务,海洋运输,物流贸易",4,0,0,0,2015-01-31 08:59:12,0,0,0,,0,0,5
473,1226,"超级电容器,新材料等应用领域,电机绝缘膜,新能源装备用电容器,新能源汽车用电容器",4,0,0,0,2015-01-31 08:59:12,0,0,0,,0,0,5
472,1583,"可再生能源,清洁能源,风电,水电,火电",4,0,0,0,2015-01-31 08:59:12,0,0,0,,0,0,5
471,1579,"文化传媒,旅游文化及相关产业,影视剧行业",4,0,0,0,2015-01-31 08:59:12,0,0,0,,0,0,5
470,1579,"旅游文化及相关产业,影视剧行业",4,0,0,0,2015-01-31 08:59:12,0,0,0,,0,0,5
469,2595,"农药,兽药",4,0,0,0,2015-01-31 08:59:12,0,0,0,,0,0,5
468,2473,互联网金融,4,0,0,0,2015-01-31 08:59:12,0,0,0,,0,0,5
467,2704,"LED产业,制造业",4,0,0,0,2015-01-31 08:59:12,0,0,0,,0,0,5
466,12279,白酒,99,99,0,99999999999999.00,2015-01-31 08:59:12,0,0,0,,99,0,5
465,1471,"手机游戏,移动互联网游戏平台",4,0,0,0,2015-01-31 08:59:12,0,0,0,,0,0,5
464,2107,医疗服务,4,0,0,0,2015-01-31 08:59:12,0,0,0,,0,0,5
463,1375,"畜牧及加工,生物制品,饲料,兽药
品,畜牧业生产资料贸易",4,0,0,0,2015-01-31 08:59:12,0,0,0,,0,0,5
462,1663,"水务环保系统服务提供商,海外并购,供水",4,0,0,0,2015-01-31 08:59:12,0,0,0,,0,0,5
461,2420,"非煤能源,能源开采与加工,油气项目",4,0,0,0,2015-01-31 08:59:12,0,0,0,,0,0,5
460,12530,能源,0,0,,,2015-01-31 08:59:12,0,0,0,,0,0,5
459,1434,"医药,医药行业",4,0,0,0,2015-01-31 08:59:12,0,0,0,,0,0,5
458,13059,"建筑建材,BT建设项目",4,0,0,0,2015-01-31 08:59:12,0,0,0,,0,0,5
457,12529,互联网金融,0,0,,,2015-01-31 08:59:12,0,0,0,,0,0,5
456,12393,"稀土矿产,能源开采与加工",4,0,0,0,2015-01-31 08:59:12,0,0,0,,0,0,5
455,2401,"半导体照明,制造业",4,0,0,0,2015-01-31 08:59:12,0,0,0,,0,0,5
454,1589,天然气,4,0,,,2015-01-31 08:59:12,0,0,0,,0,0,5
453,12925,供应链管理,0,0,,,2015-01-31 08:59:12,0,0,0,,0,0,5
452,12389,移动互联,4,0,0,0,2015-01-31 08:59:12,0,0,0,,0,0,5
451,12425,"镶嵌加工厂,黄金加工厂,制造业",4,0,0,0,2015-01-31 08:59:12,0,0,0,,0,0,5
450,1540,"制药,医药行业",4,0,0,0,2015-01-31 08:59:12,0,0,0,,0,0,5
449,1730,"医药,医药行业",4,0,0,0,2015-01-31 08:59:12,0,0,0,,0,0,5
447,12850,"食品分销,食品制造",4,0,0,0,2015-01-31 08:59:12,0,0,0,,0,0,5
446,1388,"建筑建材,价值链高端",4,0,0,0,2015-01-31 08:59:12,0,0,0,,0,0,5
445,1937,"医药,医药行业",0,0,,,2015-01-31 08:59:12,0,0,0,,0,0,5
444,1227,"化学工业,PVA产品下游产业链",4,0,0,0,2015-01-31 08:59:12,0,0,0,,0,0,5
443,347,"油轮,散货轮,物流",4,0,0,0,2015-01-31 08:59:12,0,0,0,,0,0,5
442,1250,"交通设施建设,港口",4,0,0,0,2015-01-31 08:59:12,0,0,0,,0,0,5
441,124,"交通设施建设,优良收费公路资产",4,0,0,0,2015-01-31 08:59:12,0,0,0,,0,0,5
440,1263,"环保节能,固体废物处理,环保,水务",1,0,,,2015-01-31 08:59:12,0,0,0,,0,0,5
439,1263,"供水,固体废物处理,环保,水务",1,0,,,2015-01-31 08:59:12,0,0,0,,0,0,5
438,1263,"废物及危险品治理,固体废物处理,环保,水务",1,0,,,2015-01-31 08:59:12,0,0,0,,0,0,5
437,1878,通信设备,4,0,0,0,2015-01-31 08:59:12,0,0,0,,0,0,5
436,1315,"计算机应用,软件",4,0,0,0,2015-01-31 08:59:12,0,0,0,,0,0,5
435,2210,综合物流,0,0,,,2015-01-31 08:59:12,0,0,0,,0,0,5
434,2513,有色冶炼加工,0,0,,,2015-01-31 08:59:12,0,0,0,,0,0,5
433,2365,"膜产品,膜技术,环保,城镇水处理",4,0,0,0,2015-01-31 08:59:12,0,0,0,,0,0,5
432,2299,电子化支付,4,0,0,0,2015-01-31 08:59:12,0,0,0,,0,0,5
431,2291,芯片设计商,4,0,0,0,2015-01-31 08:59:12,0,0,0,,0,0,5
430,12847,"医疗器械,医疗设备",4,0,0,0,2015-01-31 08:59:12,0,0,0,,0,0,5
429,12673,"轨道交通,汽车,建筑",4,0,0,0,2015-01-31 08:59:12,0,0,0,,0,0,5
428,1990,"网络游戏,游戏",4,0,0,0,2015-01-31 08:59:12,0,0,0,,0,0,5
427,12750,"医疗器械,医疗设备",4,0,0,0,2015-01-31 08:59:12,0,0,0,,0,0,5
426,2328,"信息安全新领域,信息安全",4,0,0,0,2015-01-31 08:59:12,0,0,0,,0,0,5
425,1555,通信设备,0,0,,,2015-01-31 08:59:12,0,0,0,,0,0,5
424,12468,"油服,石油化工",4,0,0,0,2015-01-31 08:59:12,0,0,0,,0,0,5
423,12825,转子绕组装备,4,0,0,0,2015-01-31 08:59:12,0,0,0,,0,0,5
422,1630,"智慧城市,移动互联",4,0,0,0,2015-01-31 08:59:12,0,0,0,,0,0,5
421,1513,通讯运营服务,4,0,0,0,2015-01-31 08:59:12,0,0,0,,0,0,5
420,1329,计算机应用,4,0,0,0,2015-01-31 08:59:12,0,0,0,,0,0,5
419,1891,光学光电子,4,0,0,0,2015-01-31 08:59:12,0,0,0,,0,0,5
418,1502,"房产经纪,数字营销,大数据,房产营销,电子商务,房产O2O,社区O2O,房产交易",4,0,0,0,2015-01-31 08:59:12,0,0,0,,0,0,5
417,12875,"消防,安防,节能减排,再生资源",4,0,0,0,2015-01-31 08:59:12,0,0,0,,0,0,5
416,1286,"生物制品,生物技术",4,0,0,0,2015-01-31 08:59:12,0,0,0,,0,0,5
415,1912,"传媒,文化传媒",4,0,0,0,2015-01-31 08:59:12,0,0,0,,0,0,5
414,1294,计算机应用,4,0,0,0,2015-01-31 08:59:12,0,0,0,,0,0,5
413,1811,建筑装饰,0,0,,,2015-01-31 08:59:12,0,0,0,,0,0,5
412,12888,智能电网,4,0,0,0,2015-01-31 08:59:12,0,0,0,,0,0,5
411,1302,"大数据服务,云服务",4,0,0,0,2015-01-31 08:59:12,0,0,0,,0,0,5
410,1734,医药行业,4,0,0,0,2015-01-31 08:59:12,0,0,0,,0,0,5
409,12717,"烟气脱硫脱硝,生产垃圾处理,工业污染治理,环保节能",4,0,0,0,2015-01-31 08:59:12,0,0,0,,0,0,5
408,12856,"环保节能,环保水务",4,0,0,0,2015-01-31 08:59:12,0,0,0,,0,0,5
407,12953,仪器仪表,4,0,0,0,2015-01-31 08:59:12,0,0,0,,0,0,5
406,1804,"发动机,零部件",4,0,0,0,2015-01-31 08:59:12,0,0,0,,0,0,5
405,13111,机械设备,4,0,0,0,2015-01-31 08:59:12,0,0,0,,0,0,5
404,1653,医药行业,4,0,0,0,2015-01-31 08:59:12,0,0,0,,0,0,5
403,2125,"医疗信息化,医疗服务",4,0,0,0,2015-01-31 08:59:12,0,0,0,,0,0,5
402,12318,"新媒体,文化传媒",4,0,0,0,2015-01-31 08:59:12,0,0,0,,0,0,5
401,2616,计算机应用,0,0,,,2015-01-31 08:59:12,0,0,0,,0,0,5
400,12488,"血液透析产品,医疗服务",4,0,0,0,2015-01-31 08:59:12,0,0,0,,0,0,5
399,2555,实验室,0,0,,,2015-01-31 08:59:12,0,0,0,,0,0,5
398,12480,"医学,医疗健康",4,0,0,0,2015-01-31 08:59:12,0,0,0,,0,0,5
397,2141,"化学工业,高端化学材料",4,0,0,0,2015-01-31 08:59:12,0,0,0,,0,0,5
396,2216,"教育服务,移动互联",4,0,0,0,2015-01-31 08:59:12,0,0,0,,0,0,5
395,2060,化学制药,4,0,0,0,2015-01-31 08:59:12,0,0,0,,0,0,5
394,12335,IT,4,0,0,0,2015-01-31 08:59:12,0,0,0,,0,0,5
393,13078,通用设备,4,0,0,0,2015-01-31 08:59:12,0,0,0,,0,0,5
392,2234,"精密激光制造,精密激光服务",4,0,0,0,2015-01-31 08:59:12,0,0,0,,0,0,5
391,2110,"大宗商品信息服务,大宗商品电子商务",4,0,0,0,2015-01-31 08:59:12,0,0,0,,0,0,5
390,13132,电热,4,0,0,0,2015-01-31 08:59:12,0,0,0,,0,0,5
389,1819,"传输设备,广播电视发射",1,0,,,2015-01-31 08:59:12,0,0,0,,0,0,5
388,12774,电气设备,4,0,0,0,2015-01-31 08:59:12,0,0,0,,0,0,5
387,12426,"医疗器械,医疗设备",0,0,,,2015-01-31 08:59:12,0,0,0,,0,0,5
386,2434,教育云业务,4,0,0,0,2015-01-31 08:59:12,0,0,0,,0,0,5
385,2311,生物制药,4,0,0,0,2015-01-31 08:59:12,0,0,0,,0,0,5
384,12436,仪器仪表,4,0,0,0,2015-01-31 08:59:12,0,0,0,,0,0,5
383,2496,,1,0,,,2015-01-31 08:59:12,0,0,0,,0,0,5
382,2239,"建筑建材,水环境修复,土壤修复,水土保持,矿山修复,景观绿化",4,0,0,0,2015-01-31 08:59:12,0,0,0,,0,0,5
381,1777,玻纤复合材料,4,0,0,0,2015-01-31 08:59:12,0,0,0,,0,0,5
380,2290,采掘服务,4,0,0,0,2015-01-31 08:59:12,0,0,0,,0,0,5
379,2461,计算机应用,4,0,0,0,2015-01-31 08:59:12,0,0,0,,0,0,5
378,2520,"环保工程,大气,土壤,固废处理",4,0,0,0,2015-01-31 08:59:12,0,0,0,,0,0,5
377,2432,"芯片,设计,互联网电商",4,0,0,0,2015-01-31 08:59:12,0,0,0,,0,0,5
376,1281,"影视剧制作,策划,代理,影视音乐,影视频产业链,发行",4,0,0,0,2015-01-31 08:59:12,0,0,0,,0,0,5
375,2577,"医药行业,生物医药",4,0,0,0,2015-01-31 08:59:12,0,0,0,,0,0,5
374,12793,"超硬复合材料,超英复合材料制品,聚晶金刚石",4,1,,,2015-01-31 08:59:12,0,0,0,84,0,0,5
373,2241,"在线旅游,旅游业",4,0,0,0,2015-01-31 08:59:12,0,0,0,,0,0,5
372,1687,"空间信息数据提供,空间信息数据应用及解决方案,空间信息数据采集装备",4,0,0,0,2015-01-31 08:59:12,0,0,0,,0,0,5
371,1631,主营相关,0,0,,,2015-01-31 08:59:12,0,0,0,,0,0,5
370,2423,"移动医疗,医疗健康",4,0,0,0,2015-01-31 08:59:12,0,0,0,,0,0,5
369,2423,移动医疗,4,0,0,0,2015-01-31 08:59:12,0,0,0,,0,0,5
368,2196,智慧城市,4,0,0,0,2015-01-31 08:59:12,0,0,0,,0,0,5
367,1887,体育传媒,4,0,0,0,2015-01-31 08:59:12,0,0,0,,0,0,5
366,12902,焊接产业链,4,0,0,0,2015-01-31 08:59:12,0,0,0,,0,0,5
365,12970,"新媒体,数字出版,文化传媒",4,0,0,0,2015-01-31 08:59:12,0,0,0,,0,0,5
364,12970,"新媒体,数字出版,IT",4,0,0,0,2015-01-31 08:59:12,0,0,0,,0,0,5
363,12348,"膳食营养补充剂,医药行业",0,0,,,2015-01-31 08:59:12,0,0,0,,0,0,5
362,12735,"机械设备,泵,环保配套设备",4,0,0,0,2015-01-31 08:59:12,0,0,0,,0,0,5
361,69,"影视音乐,演艺",4,0,0,0,2015-01-31 08:59:12,0,0,0,,0,0,5
360,1274,"半导体芯片,集成电路设计",4,0,0,0,2015-01-31 08:59:12,0,0,0,,0,0,5
359,2238,"智能穿戴设备,智能家居,智能终端",4,0,0,0,2015-01-31 08:59:12,0,0,0,,0,0,5
358,1517,"医疗服务业,日化,医药中间体,香料,原料药,医疗健康",4,0,0,0,2015-01-31 08:59:12,0,0,0,,0,0,5
357,12910,"传感器,智能家居",4,0,0,0,2015-01-31 08:59:12,0,0,0,,0,0,5
356,34,互联网业务,4,0,0,0,2015-01-31 08:59:12,0,0,0,,0,0,5
355,12859,,1,0,,,2015-01-31 08:59:12,0,0,0,,0,0,5
354,12961,消费电子,1,0,,,2015-01-31 08:59:12,0,0,0,,0,0,5
353,12950,"交通运输,游艇俱乐部",4,0,,,2015-01-31 08:59:12,0,0,0,,0,0,5
352,12321,电子商务,1,1,,,2015-01-31 08:59:12,0,0,0,84,0,0,5
351,12797,"消防产业,灭火器",4,1,,,2015-01-31 08:59:12,0,0,0,84,0,0,5
350,1638,互联网娱乐上下游,4,0,0,0,2015-01-31 08:59:12,0,0,0,,0,0,5
349,1889,"云计算,智能终端,内容产业,互联网应用",4,0,0,0,2015-01-31 08:59:12,0,0,0,,0,0,5
348,2454,"蓝绿光LED外延片及芯片,光电科技",4,0,0,0,2015-01-31 08:59:12,0,0,0,,0,0,5
347,1972,"汽车零部件,汽车汽配",1,1,,,2015-01-31 08:59:12,0,0,0,84,0,0,5
346,12418,"成套自动化装备产业链,机械设备,自动化装备",4,0,0,0,2015-01-31 08:59:12,0,0,0,,0,0,5
345,2518,"医疗健康,社会保障,人力资源,医疗卫生",4,0,0,0,2015-01-31 08:59:12,0,0,0,,0,0,5
344,2518,"社会保障,人力资源,医疗卫生",4,0,0,0,2015-01-31 08:59:12,0,0,0,,0,0,5
343,2518,"社会保障,人力资源,教育及人力资源,医疗卫生",4,0,0,0,2015-01-31 08:59:12,0,0,0,,0,0,5
342,12671,"高速铁路,船舶海洋工程,器械设备,智能化产品,国内外制动器,城轨,高端液压元件,系统集成,摩擦材料,交通设施建设,新能源,机械设备",1,1,,,2015-01-31 08:59:12,0,0,0,84,0,0,5
341,13080,水产品,0,0,,,2015-01-31 08:59:12,0,0,0,,0,0,5
340,13005,"农业,种业,种植及加工",4,0,0,0,2015-01-31 08:59:12,0,0,0,,0,0,5
339,1620,"儿童药生产,医药行业,儿童药科研",4,0,0,0,2015-01-31 08:59:12,0,0,0,,0,0,5
338,2212,金融信息化,4,0,0,0,2015-01-31 08:59:12,0,0,0,,0,0,5
337,2212,"金融,金融信息化",4,0,0,0,2015-01-31 08:59:12,0,0,0,,0,0,5
336,1677,"能源环保,新材料,节能环保",4,0,0,0,2015-01-31 08:59:12,0,0,0,,0,0,5
335,1677,"能源环保,新材料,环保节能,节能环保",4,0,0,0,2015-01-31 08:59:12,0,0,0,,0,0,5
334,12542,"RFID产业上下游,EAS产业上下游",4,0,0,0,2015-01-31 08:59:12,0,0,0,,0,0,5
333,1955,信息安全,4,0,0,0,2015-01-31 08:59:12,0,0,0,,0,0,5
332,1270,"新材料,锂电正极材料",4,0,0,0,2015-01-31 08:59:12,0,0,0,,0,0,5
331,55,"无线网络传输,智能表具,管控系统",4,0,0,0,2015-01-31 08:59:12,0,0,0,,0,0,5
330,55,"无线网络传输,智能表具,管控系统",4,0,0,0,2015-01-31 08:59:12,0,0,0,,0,0,5
329,1277,船舶电气,4,0,0,0,2015-01-31 08:59:12,0,0,0,,0,0,5
328,1317,"废物治理,危险品治理,污水治理,节能减排,环保",4,0,0,0,2015-01-31 08:59:12,0,0,0,,0,0,5
327,2254,手游,4,0,0,0,2015-01-31 08:59:12,0,0,0,,0,0,5
326,2451,"互联网游戏,网络游戏",4,0,0,0,2015-01-31 08:59:12,0,0,0,,0,0,5
325,1479,"电信,交易,信息技术,教育培训",4,0,0,0,2015-01-31 08:59:12,0,0,0,,0,0,5
324,12575,"智能化,工业自动化",0,0,,,2015-01-31 08:59:12,0,0,0,,0,0,5
323,2243,大数据,0,0,,,2015-01-31 08:59:12,0,0,0,,0,0,5
322,1722,"半导体产品,半导体芯片",1,1,,,2015-01-31 08:59:12,0,0,0,84,0,0,5
321,1746,"卫星导航,卫星通信",0,0,,,2015-01-31 08:59:12,0,0,0,,0,0,5
320,12907,智慧产业链,4,1,,,2015-01-31 08:59:12,0,0,0,84,0,0,5
319,2122,"医药,医药行业",4,0,0,0,2015-01-31 08:59:12,0,0,0,,0,0,5
318,1288,"电信及增值,智慧城市,通讯行业相关,移动通信4G网络",4,0,0,0,2015-01-31 08:59:12,0,0,0,,0,0,5
317,1689,"金融,互联网金融信息",4,0,0,0,2015-01-31 08:59:12,0,0,0,,0,0,5
316,1689,互联网金融信息,4,0,0,0,2015-01-31 08:59:12,0,0,0,,0,0,5
315,2358,"医药新品种,医药行业",4,0,0,0,2015-01-31 08:59:12,0,0,0,,0,0,5
314,1635,"电信运营服务,信息传输服务,通信服务领域",4,0,0,0,2015-01-31 08:59:12,0,0,0,,0,0,5
313,12917,机器人产业,4,0,0,0,2015-01-31 08:59:12,0,0,0,,0,0,5
312,12469,"特色农机,机械设备,经济作物全程机械化,经济作物机械化",4,0,0,0,2015-01-31 08:59:12,0,0,0,,0,0,5
311,12459,水利信息化,4,0,0,0,2015-01-31 08:59:12,0,0,0,,0,0,5
310,12430,智慧城市相关产业,4,0,0,0,2015-01-31 08:59:12,0,0,0,,0,0,5
309,1360,"有机硅,化工原料",4,0,0,0,2015-01-31 08:59:12,0,0,0,,0,0,5
308,13013,"电力系统自动化产品,计算机网络通讯产品,供电与供热,医疗健康",4,0,,,2015-01-31 08:59:12,0,0,0,,0,0,5
307,13013,"电力系统自动化产品,计算机网络通讯产品,医疗健康",4,1,,,2015-01-31 08:59:12,0,0,0,84,0,0,5
306,61,"CDN,互联网安全,云计算,IDC",4,0,0,0,2015-01-31 08:59:12,0,0,0,,0,0,5
305,1203,"医院,医疗服务",4,0,0,0,2015-01-31 08:59:12,0,0,0,,0,0,5
304,1342,"生命科学,生物技术",4,0,0,0,2015-01-31 08:59:12,0,0,0,,0,0,5
303,12314,车辆装备,4,0,0,0,2015-01-31 08:59:12,0,0,0,,0,0,5
302,1285,移动互联,4,0,0,0,2015-01-31 08:59:12,0,0,0,,0,0,5
301,1207,"生物技术,制药相关,细胞工程原创产品,基因工程原创产品,医疗卫生",4,0,0,0,2015-01-31 08:59:12,0,0,0,,0,0,5
300,1207,"医药行业,制药相关,细胞工程原创产品,基因工程原创产品,医疗卫生",4,0,0,0,2015-01-31 08:59:12,0,0,0,,0,0,5
299,1430,"医药资产,医药行业",4,0,0,0,2015-01-31 08:59:12,0,0,0,,0,0,5
298,1306,"O2O,电子商务,户外产品多元化",4,0,0,0,2015-01-31 08:59:12,0,0,0,,0,0,5
297,1306,"O2O,户外产品多元化",4,0,0,0,2015-01-31 08:59:12,0,0,0,,0,0,5
296,12706,"移动医疗,医疗健康",4,0,0,0,2015-01-31 08:59:12,0,0,0,,0,0,5
295,1309,职前教育,4,0,0,0,2015-01-31 08:59:12,0,0,0,,0,0,5
292,1309,物联网,4,0,0,0,2015-01-31 08:59:12,0,0,0,,0,0,5
291,1189,"转向系统,汽车零部件,关键零部件",4,0,0,0,2015-01-31 08:59:12,0,0,0,,0,0,5
290,12538,"鱼类食品,食品饮料",4,1,,,2015-01-31 08:59:12,0,0,0,84,0,0,5
289,1518,"货运,交通运输,客运,物流",1,1,,,2015-01-31 08:59:12,0,0,0,84,0,0,5
288,1518,"货运,交通运输,客运,物流",1,1,0,0,2015-01-31 08:59:12,0,0,0,84,0,0,5
287,12446,"森林资源,木材",4,0,0,0,2015-01-31 08:59:12,0,0,0,,0,0,5
286,457,"环保产业新兴领域,环保节能",4,0,0,0,2015-01-31 08:59:12,0,0,0,,0,0,5
285,2123,"化工原料,胶黏剂的原材料",1,1,0,0,2015-01-31 08:59:12,0,0,0,84,0,0,5
284,13054,"新能源汽车驱动电机,机械设备",4,0,0,0,2015-01-31 08:59:12,0,0,0,,0,0,5
283,1319,"汽车内外饰,汽车零部件",4,0,0,0,2015-01-31 08:59:12,0,0,0,,0,0,5
282,12964,彩涂板,4,0,0,0,2015-01-31 08:59:12,0,0,0,,0,0,5
281,12997,"物联网,大数据,智慧城市,云计算,移动互联",0,0,,,2015-01-31 08:59:12,0,0,0,,0,0,5
280,12997,"物联网,大数据,智慧城市,云计算,移动互联",4,0,0,0,2015-01-31 08:59:12,0,0,0,,0,0,5
279,1727,客运,4,0,0,0,2015-01-31 08:59:12,0,0,0,,0,0,5
278,2580,"汽车座椅功能件,汽车零配件",4,0,0,0,2015-01-31 08:59:12,0,0,0,,0,0,5
277,12489,"生物质综合利用,生物质综合利用领域",4,0,0,0,2015-01-31 08:59:12,0,0,0,,0,0,5
276,12718,"同行业,玻璃",0,0,,,2015-01-31 08:59:12,0,0,0,,0,0,5
275,12492,"上游产业链,造纸行业",0,0,,,2015-01-31 08:59:12,0,0,0,,0,0,5
274,1870,"上下游,同行业",0,0,,,2015-01-31 08:59:12,0,0,0,,0,0,5
273,12328,传媒出版,0,0,,,2015-01-31 08:59:12,0,0,0,,0,0,5
272,192,"新能源汽车产业,汽车行业",4,0,0,0,2015-01-31 08:59:12,0,0,0,,0,0,5
271,192,新能源汽车产业,4,0,0,0,2015-01-31 08:59:12,0,0,0,,0,0,5
270,1807,聚酯薄膜产业,0,0,,,2015-01-31 08:59:12,0,0,0,,0,0,5
269,2227,"机器人,机器人集成应用",4,0,0,0,2015-01-31 08:59:12,0,0,0,,0,0,5
268,12338,海外并购,0,0,,,2015-01-31 08:59:12,0,0,0,,0,0,5
267,12356,"夏威夷果,电子商务,食品,碧根果",0,0,,,2015-01-31 08:59:12,0,0,0,,0,0,5
266,1290,"能源开采与加工,上下游产业",0,0,,,2015-01-31 08:59:12,0,0,0,,0,0,5
265,12472,"医疗物流配送,医用耗材产销,医疗资源,医疗服务",4,0,0,0,2015-01-31 08:59:12,0,0,0,,0,0,5
264,12894,"饲料,养殖",4,0,0,0,2015-01-31 08:59:12,0,0,0,,0,0,5
263,1425,石油化工,4,0,0,0,2015-01-31 08:59:12,0,0,0,,0,0,5
262,12541,"能源管理 物流贸易,物流",0,0,,,2015-01-31 08:59:12,0,0,0,,0,0,5
261,12914,"水泵,机械设备",4,0,0,0,2015-01-31 08:59:12,0,0,0,,0,0,5
260,12633,热处理,0,0,,,2015-01-31 08:59:12,0,0,0,,0,0,5
259,12889,计算机设备,4,0,0,0,2015-01-31 08:59:12,0,0,0,,0,0,5
258,12858,电气设备,0,0,,,2015-01-31 08:59:12,0,0,0,,0,0,5
257,13171,天然气,4,0,0,0,2015-01-31 08:59:12,0,0,0,,0,0,5
256,13117,"数控机床,机械设备",4,0,0,0,2015-01-31 08:59:12,0,0,0,,0,0,5
255,12644,"光伏产业,光电科技",4,0,0,0,2015-01-31 08:59:12,0,0,0,,0,0,5
254,12957,"环保业,环保节能",0,0,,,2015-01-31 08:59:12,0,0,0,,0,0,5
253,2350,电子产品,4,0,0,0,2015-01-31 08:59:12,0,0,0,,0,0,5
252,12979,制造业,0,0,,,2015-01-31 08:59:12,0,0,0,,0,0,5
251,12396,"榨菜,郫县豆瓣,食品,橄榄菜,副食品",4,0,0,0,2015-01-31 08:59:12,0,0,0,,0,0,5
250,2635,物流,0,0,,,2015-01-31 08:59:12,0,0,0,,0,0,5
249,2574,"O2O,电子商务",4,0,0,0,2015-01-31 08:59:12,0,0,0,,0,0,5
248,2574,"汽车行业,汽车后市场",4,0,0,0,2015-01-31 08:59:12,0,0,0,,0,0,5
247,2203,"展览场馆设施,装饰市场",4,0,0,0,2015-01-31 08:59:12,0,0,0,,0,0,5
246,2562,"供电与供热,供热蒸汽,供热电力,垃圾发电,热电联产",0,0,,,2015-01-31 08:59:12,0,0,0,,0,0,5
245,12897,"汽车行业,汽车",4,0,0,0,2015-01-31 08:59:12,0,0,0,,0,0,5
244,12897,"通信设备,通讯",4,0,0,0,2015-01-31 08:59:12,0,0,0,,0,0,5
243,12897,"服务器,硬件产业",4,0,0,0,2015-01-31 08:59:12,0,0,0,,0,0,5
242,1521,"软件产业,软件",0,0,,,2015-01-31 08:59:12,0,0,0,,0,0,5
241,13121,汽车零部件,0,0,,,2015-01-31 08:59:12,0,0,0,,0,0,5
240,12666,电线电缆,0,0,,,2015-01-31 08:59:12,0,0,0,,0,0,5
239,1957,通信,0,0,,,2015-01-31 08:59:12,0,0,0,,0,0,5
238,2282,"锂矿山,能源开采与加工",4,0,0,0,2015-01-31 08:59:12,0,0,0,,0,0,5
237,1832,"锂矿项目,能源开采与加工",4,0,0,0,2015-01-31 08:59:12,0,0,0,,0,0,5
236,12946,"汽车空调,汽车零部件",4,0,0,0,2015-01-31 08:59:12,0,0,0,,0,0,5
235,12605,"新能源汽车电机电控,新能源汽车基础设施充电桩,新能源汽车充电机,新能源",4,0,0,0,2015-01-31 08:59:12,0,0,0,,0,0,5
234,13146,新能源,4,0,0,0,2015-01-31 08:59:12,0,0,0,,0,0,5
233,13146,"内燃机,机械设备",4,0,0,0,2015-01-31 08:59:12,0,0,0,,0,0,5
232,1573,"通信网络,无源器件,通信设备,射频设备",4,0,0,0,2015-01-31 08:59:12,0,0,0,,0,0,5
231,12336,信息安全,4,0,0,0,2015-01-31 08:59:12,0,0,0,,0,0,5
230,1644,"骨科,营养药,心脑血管,肿瘤,医药行业",4,0,0,0,2015-01-31 08:59:12,0,0,0,,0,0,5
229,12357,"电梯配套行业,机械设备",4,0,0,0,2015-01-31 08:59:12,0,0,0,,0,0,5
228,12275,移动医疗,0,0,,,2015-01-31 08:59:12,0,0,0,,0,0,5
227,12688,电子商务,4,0,0,0,2015-01-31 08:59:12,0,0,0,,0,0,5
226,2630,"有色金属冶炼与加工,特殊钢",4,0,0,0,2015-01-31 08:59:12,0,0,0,,0,0,5
225,12882,"节能储备技术,电池与储能技术",4,0,0,0,2015-01-31 08:59:12,0,0,0,,0,0,5
224,12882,智能控制,4,0,0,0,2015-01-31 08:59:12,0,0,0,,0,0,5
223,2182,"O2O,电子商务",4,0,0,0,2015-01-31 08:59:12,0,0,0,,0,0,5
222,1738,"不限于中成药,医药行业",4,0,0,0,2015-01-31 08:59:12,0,0,0,,0,0,5
221,1480,"含氟精细化学品,化学工业",0,0,,,2015-01-31 08:59:12,0,0,0,,0,0,5
220,2495,汽车零部件,4,0,0,0,2015-01-31 08:59:12,0,0,0,,0,0,5
219,12744,"车载导航电子地图,汽车零部件",4,0,0,0,2015-01-31 08:59:12,0,0,0,,0,0,5
218,12885,移动健康,4,0,0,0,2015-01-31 08:59:12,0,0,0,,0,0,5
217,12885,"家用医疗,医疗健康",4,0,0,0,2015-01-31 08:59:12,0,0,0,,0,0,5
216,12386,"IT服务,空间信息产业链",4,0,0,0,2015-01-31 08:59:12,0,0,0,,0,0,5
215,12486,移动数字营销,4,0,0,0,2015-01-31 08:59:12,0,0,0,,0,0,5
214,12486,数字营销,4,0,0,0,2015-01-31 08:59:12,0,0,0,,0,0,5
213,2206,"生物技术,生物医药",4,0,0,0,2015-01-31 08:59:12,0,0,0,,0,0,5
212,2452,"环境控制,智能建筑,软件开发,管理咨询",4,0,0,0,2015-01-31 08:59:12,0,0,0,,0,0,5
211,2452,"空气处理,废水处理,环境控制,污染监测与治理",4,0,0,0,2015-01-31 08:59:12,0,0,0,,0,0,5
210,2452,"节能,节水,节能设备与服务",4,0,0,0,2015-01-31 08:59:12,0,0,0,,0,0,5
209,12610,"纺织行业,家纺产业上下游",4,0,0,0,2015-01-31 08:59:12,0,0,0,,0,0,5
208,1609,"医药渠道,医药流通,医药行业",4,0,0,0,2015-01-31 08:59:12,0,0,0,,0,0,5
207,2585,聚丙烯电子薄膜上下游,4,0,0,0,2015-01-31 08:59:12,0,0,0,,0,0,5
206,12341,大豆蛋白饮料,0,0,,,2015-01-31 08:59:12,0,0,0,,0,0,5
205,1310,移动互联终端应用,4,0,0,0,2015-01-31 08:59:12,0,0,0,,0,0,5
204,12738,"机电一体化,塑料挤出机,冲床,机械设备,金属加工等行业",4,0,0,0,2015-01-31 08:59:12,0,0,0,,0,0,5
203,2606,"室内外装饰,幕墙设计与施工,绿色智能家居,机电安装,部品部件工厂化生产,装配化施工",4,0,0,0,2015-01-31 08:59:12,0,0,0,,0,0,5
202,2607,"制剂生产,医药行业",4,0,0,0,2015-01-31 08:59:12,0,0,0,,0,0,5
201,12911,"可穿戴产品,智能家居,精密制造",0,0,,,2015-01-31 08:59:12,0,0,0,,0,0,5
200,2063,"汽车零部件,汽车制动部件",4,0,0,0,2015-01-31 08:59:12,0,0,0,,0,0,5
199,1223,"聚酯树脂,化工原料",4,0,0,0,2015-01-31 08:59:12,0,0,0,,0,0,5
198,2165,民爆上下游,4,0,0,0,2015-01-31 08:59:12,0,0,0,,0,0,5
197,2264,"同业并购,客运服务,货运服务",4,0,0,0,2015-01-31 08:59:12,0,0,0,,0,0,5
196,13061,"油田服务设备,机械设备",4,0,0,0,2015-01-31 08:59:12,0,0,0,,0,0,5
195,12311,"控制设备,35kV永磁开关设备,12kV配电",4,0,0,0,2015-01-31 08:59:12,0,0,0,,0,0,5
194,1952,"医药中间体,医药,医药行业,生物医药,生物技术",4,0,0,0,2015-01-31 08:59:12,0,0,0,,0,0,5
193,12966,"高端制造装备,机械设备",4,0,0,0,2015-01-31 08:59:12,0,0,0,,0,0,5
192,12687,"新兴行业,索具,索具产业链",0,0,,,2015-01-31 08:59:12,0,0,0,,0,0,5
191,12905,"防静电,防静电产业链,洁净室产业链上下游",0,0,,,2015-01-31 08:59:12,0,0,0,,0,0,5
190,12623,军工信息化,4,0,0,0,2015-01-31 08:59:12,0,0,0,,0,0,5
189,12802,"电商,电子商务",4,0,0,0,2015-01-31 08:59:12,0,0,0,,0,0,5
188,2208,"信息,电子",4,0,0,0,2015-01-31 08:59:12,0,0,0,,0,0,5
187,12855,"工程聚合物,化工原料,高性能特种聚合物",4,0,0,0,2015-01-31 08:59:12,0,0,0,,0,0,5
186,41,监测,4,0,0,0,2015-01-31 08:59:12,0,0,0,,0,0,5
185,41,节能环保,4,0,0,0,2015-01-31 08:59:12,0,0,0,,0,0,5
184,12563,"商贸物流,禽繁育,屠宰加工,熟食加工,物流,养殖,羽绒制品,饲料加工",4,0,,,2015-01-31 08:59:12,0,0,0,,0,0,5
183,12563,"商贸物流,服装鞋帽,禽繁育,屠宰加工,熟食加工,养殖,羽绒制品,饲料加工",4,0,,,2015-01-31 08:59:12,0,0,0,,0,0,5
182,12563,"商贸物流,禽繁育,屠宰加工,熟食加工,养殖,羽绒制品,饲料加工",4,0,0,0,2015-01-31 08:59:12,0,0,0,,0,0,5
181,2576,"不锈钢,有色金属冶炼与加工",0,0,,,2015-01-31 08:59:12,0,0,0,,0,0,5
180,1578,"老年性退行性病变领域产品,眼科,医药行业",4,0,0,0,2015-01-31 08:59:12,0,0,0,,0,0,5
179,2215,"电信运营,专网通讯",0,0,,,2015-01-31 08:59:12,0,0,0,,0,0,5
178,1508,"跨境B2C,电子商务",4,0,0,0,2015-01-31 08:59:12,0,0,0,,0,0,5
177,2498,"集成房屋,房地产开发",4,0,0,0,2015-01-31 08:59:12,0,0,0,,0,0,5
176,12901,"智能包装,文化包装,创意包装",4,0,0,0,2015-01-31 08:59:12,0,0,0,,0,0,5
175,12714,"包括床上用品,家居日用品,灯具,家居服,纺织行业,寝具,摆件,布艺窗帘,陶瓷,毛巾浴巾等各种产品的公司,床,沙发,床垫",4,0,0,0,2015-01-31 08:59:12,0,0,0,,0,0,5
174,12487,"动漫,动画,游戏",4,0,0,0,2015-01-31 08:59:12,0,0,0,,0,0,5
173,2232,"电子信息,自动化,智能装备",4,0,0,0,2015-01-31 08:59:12,0,0,0,,0,0,5
172,1552,"可穿戴设备,软板,硬件产业",4,0,0,0,2015-01-31 08:59:12,0,0,0,,0,0,5
171,2548,"汽车电子,汽车零部件",4,0,0,0,2015-01-31 08:59:12,0,0,0,,0,0,5
170,1200,"数据通讯,电信运营",4,0,0,0,2015-01-31 08:59:12,0,0,0,,0,0,5
169,2043,"燃气企业,供气",4,0,0,0,2015-01-31 08:59:12,0,0,0,,0,0,5
168,13082,互联网,4,0,0,0,2015-01-31 08:59:12,0,0,0,,0,0,5
167,2226,"新能源,光伏电站",0,0,,,2015-01-31 08:59:12,0,0,0,,0,0,5
166,2137,"血液制品,生物技术",4,0,0,0,2015-01-31 08:59:12,0,0,0,,0,0,5
165,13138,"新能源,新材料",0,0,,,2015-01-31 08:59:12,0,0,0,,0,0,5
164,1543,"可穿戴,电子制造,Big Audio,智能终端,传感器,精密制造",4,0,0,0,2015-01-31 08:59:12,0,0,0,,0,0,5
163,2554,海外,0,0,,,2015-01-31 08:59:12,0,0,0,,0,0,5
162,1748,移动互联网,4,0,0,0,2015-01-31 08:59:12,0,0,0,,0,0,5
161,13031,包装行业,4,0,0,0,2015-01-31 08:59:12,0,0,0,,0,0,5
160,1218,工业炸药,4,0,0,0,2015-01-31 08:59:12,0,0,0,,0,0,5
159,12771,"耐火材料,建筑材料",4,0,0,0,2015-01-31 08:59:12,0,0,0,,0,0,5
158,12789,橡胶带和胶管,0,0,,,2015-01-31 08:59:12,0,0,0,,0,0,5
157,12665,"医疗器械,医疗设备",4,0,0,0,2015-01-31 08:59:12,0,0,0,,0,0,5
156,1684,"医疗服务,医疗产业",4,0,0,0,2015-01-31 08:59:12,0,0,0,,0,0,5
155,1691,智能穿戴,4,0,0,0,2015-01-31 08:59:12,0,0,0,,0,0,5
154,2242,"汽车缓速器,电涡流缓速器,汽车零部件",4,0,0,0,2015-01-31 08:59:12,0,0,0,,0,0,5
153,1788,"医疗器械,医疗设备",4,0,0,0,2015-01-31 08:59:12,0,0,0,,0,0,5
152,2559,"蓝宝石加工,原材料,能源开采与加工",4,0,0,0,2015-01-31 08:59:12,0,0,0,,0,0,5
151,1565,"医药行业,医药产业",4,0,0,0,2015-01-31 08:59:12,0,0,0,,0,0,5
150,2113,"软件外包,金融",0,0,,,2015-01-31 08:59:12,0,0,0,,0,0,5
149,2113,"软件外包,金融",0,0,,,2015-01-31 08:59:12,0,0,0,,0,0,5
148,2113,"软件外包,金融",0,0,,,2015-01-31 08:59:12,0,0,0,,0,0,5
147,12893,智能科技,4,0,0,0,2015-01-31 08:59:12,0,0,0,,0,0,5
146,12919,航空装备,4,0,0,0,2015-01-31 08:59:12,0,0,0,,0,0,5
145,1594,"O2O,电子商务",4,0,0,0,2015-01-31 08:59:12,0,0,0,,0,0,5
144,1403,"食品生产,食品",4,0,0,0,2015-01-31 08:59:12,0,0,0,,0,0,5
143,1498,"服务商,供应商,供应链公司,物流商",4,0,0,0,2015-01-31 08:59:12,0,0,0,,0,0,5
142,12498,"冷链物流,互动娱乐平台产品",0,0,,,2015-01-31 08:59:12,0,0,0,,0,0,5
141,12498,"在线医疗,可穿戴设备",4,0,0,0,2015-01-31 08:59:12,0,0,0,,0,0,5
139,1377,"电子信息产品,光电元器件,硬件产业",4,0,0,0,2015-01-31 08:59:12,0,0,0,,0,0,5
138,2152,"医疗,医疗健康",4,0,0,0,2015-01-31 08:59:12,0,0,0,,0,0,5
137,2152,"环保,节能",4,0,0,0,2015-01-31 08:59:12,0,0,0,,0,0,5
136,1219,"环保节能,环保产业",4,0,0,0,2015-01-31 08:59:12,0,0,0,,0,0,5
135,1219,"有色金属冶炼与加工,单一铜合金材料",4,0,0,0,2015-01-31 08:59:12,0,0,0,,0,0,5
134,1570,"锆,有色金属冶炼,有色金属加工",4,0,0,0,2015-01-31 08:59:12,0,0,0,,0,0,5
133,2100,"瓷砖业务,家居建材",4,0,0,0,2015-01-31 08:59:12,0,0,0,,0,0,5
132,2100,"医疗健康,大健康,医疗",4,0,0,0,2015-01-31 08:59:12,0,0,0,,0,0,5
131,1765,"电信运营及信息传输服务,RFID,射频识别技术",4,0,0,0,2015-01-31 08:59:12,0,0,0,,0,0,5
130,12838,"螺杆式压缩机应用技术,机械设备",4,0,0,0,2015-01-31 08:59:12,0,0,0,,0,0,5
129,12484,"货币自动处理设备,机械设备",4,0,0,0,2015-01-31 08:59:12,0,0,0,,0,0,5
128,1261,手机游戏,4,0,0,0,2015-01-31 08:59:12,0,0,0,,0,0,5
127,12580,"医疗器械,医疗设备",4,0,0,0,2015-01-31 08:59:12,0,0,0,,0,0,5
126,12507,"微细线制造,漆包线",0,0,,,2015-01-31 08:59:12,0,0,0,,0,0,5
125,2244,"新能源,清洁能源",4,0,0,0,2015-01-31 08:59:12,0,0,0,,0,0,5
124,2244,智能控制器,4,0,0,0,2015-01-31 08:59:12,0,0,0,,0,0,5
123,2233,"硬件产业,电子元器件",4,0,0,0,2015-01-31 08:59:12,0,0,0,,0,0,5
122,12904,"软件开发,软件产业",4,0,0,0,2015-01-31 08:59:12,0,0,0,,0,0,5
121,12904,"数据处理和数据存储服务,IT服务,大数据分析及商业应用",4,0,0,0,2015-01-31 08:59:12,0,0,0,,0,0,5
120,12904,"互联网电子商务与服务,电子商务",4,0,0,0,2015-01-31 08:59:12,0,0,0,,0,0,5
119,12705,"互联网产业,数字营销",4,0,0,0,2015-01-31 08:59:12,0,0,0,,0,0,5
118,12909,"新能源,新材料",4,0,0,0,2015-01-31 08:59:12,0,0,0,,0,0,5
117,12758,"医疗器械,医疗设备",4,0,0,0,2015-01-31 08:59:12,0,0,0,,0,0,5
116,2322,"移动通信技术,电信运营服务,信息传输服务,软件无线电技术,无线电射频技术,自动测试技术",4,0,0,0,2015-01-31 08:59:12,0,0,0,,0,0,5
115,2534,"锌产业,有色金属冶炼与加工",4,0,0,0,2015-01-31 08:59:12,0,0,0,,0,0,5
114,1742,"商业贸易,现代服务业",4,0,0,0,2015-01-31 08:59:12,0,0,0,,0,0,5
113,1742,教育传媒,4,0,0,0,2015-01-31 08:59:12,0,0,0,,0,0,5
112,1742,网络科技,4,0,0,0,2015-01-31 08:59:12,0,0,0,,0,0,5
111,1742,"商业性房地产开发,物业经营,物业经营租赁,房地产开发",4,0,0,0,2015-01-31 08:59:12,0,0,0,,0,0,5
110,2045,精细化工上下游产业,0,0,,,2015-01-31 08:59:12,0,0,0,,0,0,5
109,2218,"客户资源,显示技术,触控技术",4,0,0,0,2015-01-31 08:59:12,0,0,0,,0,0,5
108,1682,"移动支付安全,软件服务",4,0,0,0,2015-01-31 08:59:12,0,0,0,,0,0,5
107,1564,"有色金属冶炼与加工,铝合金压铸件",4,0,0,0,2015-01-31 08:59:12,0,0,0,,0,0,5
106,2569,"医药制剂,生物制药,医药行业,化学原料药",4,0,0,0,2015-01-31 08:59:12,0,0,0,,0,0,5
105,12453,"跨行业并购,服装鞋帽,服饰辅料",4,0,0,0,2015-01-31 08:59:12,0,0,0,,0,0,5
104,12778,化妆品,4,0,0,0,2015-01-31 08:59:12,0,0,0,,0,0,5
103,2489,"聚氯乙烯下游门窗,板材,化学原料",4,0,0,0,2015-01-31 08:59:12,0,0,0,,0,0,5
102,2601,"环保,环保节能",4,0,0,0,2015-01-31 08:59:12,0,0,0,,0,0,5
101,13170,输变电产业,0,0,,,2015-01-31 08:59:12,0,0,0,,0,0,5
100,24706,彩票服务,4,0,0,0,2015-01-31 08:59:12,0,0,0,,0,0,5
99,13079,物流,4,0,0,0,2015-01-31 08:59:12,0,0,0,,0,0,5
98,13079,"水产品加工,食品",4,0,0,0,2015-01-31 08:59:12,0,0,0,,0,0,5
97,2511,"互联网,互联网等",4,0,,,2015-01-31 08:59:12,0,0,0,,0,0,5
96,2537,"旅游资源和旅游企业,旅游业",4,0,0,0,2015-01-31 08:59:12,0,0,0,,0,0,5
95,2194,"可穿戴式设备,硬件产业",1,0,0,0,2015-01-31 08:59:12,0,0,0,,0,0,5
94,2393,"汽车电子,汽车零配件",4,0,0,0,2015-01-31 08:59:12,0,0,0,,0,0,5
93,1968,"汽车智能化,汽车电子化,汽车零配件,汽车轻量化,海外",4,0,0,0,2015-01-31 08:59:12,0,0,0,,0,0,5
92,1605,"化学工业,爆破工程服务",1,0,0,0,2015-01-31 08:59:12,0,0,0,,0,0,5
91,12482,新兴业务智能装备,1,0,0,0,2015-01-31 08:59:12,0,0,0,,0,0,5
90,1701,"血液制品,单克隆抗体药物,医疗健康,疫苗产品",4,0,0,0,2015-01-31 08:59:12,0,0,0,,0,0,5
89,1441,通用航空,4,0,0,0,2015-01-31 08:59:12,0,0,0,,0,0,5
88,1699,"新型敏感元器件,物联科技,环保型高端个性化防伪材料,激光智能装备",4,0,0,0,2015-01-31 08:59:12,0,0,0,,0,0,5
87,2623,"影视音乐,影视传媒",4,0,0,0,2015-01-31 08:59:12,0,0,0,,0,0,5
86,1601,旅游产品,4,0,0,0,2015-01-31 08:59:12,0,0,0,,0,0,5
85,2516,"优质矿山,能源与矿业",4,0,0,0,2015-01-31 08:59:12,0,0,0,,0,0,5
84,12272,"欧美的先进金属材料产业,建筑材料",4,0,0,0,2015-01-31 08:59:12,0,0,0,,0,0,5
83,2628,"新能源,新能源客车",0,0,,,2015-01-31 08:59:12,0,0,0,,0,0,5
82,1429,"农药与化肥,农用化工产品",4,0,0,0,2015-01-31 08:59:12,0,0,0,,0,0,5
81,1743,互联网数字媒体,4,0,0,0,2015-01-31 08:59:12,0,0,0,,0,0,5
80,2590,行业内企业,0,0,,,2015-01-31 08:59:12,0,0,0,,0,0,5
79,12613,"医药,医药行业",4,0,0,0,2015-01-31 08:59:12,0,0,0,,0,0,5
78,13169,"电商,食品消费,食品饮料",4,0,,,2015-01-31 08:59:12,0,0,0,,0,0,5
77,1230,"海外并购,密封件产品,汽车零部件",4,0,0,0,2015-01-31 08:59:12,0,0,0,,0,0,5
76,1676,水泥,4,0,0,0,2015-01-31 08:59:12,0,0,0,,0,0,5
75,1544,"IT服务,企业信息化",4,0,0,0,2015-01-31 08:59:12,0,0,0,,0,0,5
74,2352,"白酒,饮料",4,0,0,0,2015-01-31 08:59:12,0,0,0,,0,0,5
73,13155,"农林牧渔,渔业",4,0,0,0,2015-01-31 08:59:12,0,0,0,,0,0,5
72,2492,"钢铁,黑色金属冶炼及加工",4,0,0,0,2015-01-31 08:59:12,0,0,0,,0,0,5
71,1424,"硬件产业,电子元器件",4,0,0,0,2015-01-31 08:59:12,0,0,0,,0,0,5
70,1735,水电,4,0,0,0,2015-01-31 08:59:12,0,0,0,,0,0,5
69,1735,"康复,健康,养老,医疗",4,0,0,0,2015-01-31 08:59:12,0,0,0,,0,0,5
68,2446,"连锁餐饮,餐饮业,休闲品牌",4,0,0,0,2015-01-31 08:59:12,0,0,0,,0,0,5
67,12354,数字化,4,0,0,0,2015-01-31 08:59:12,0,0,0,,0,0,5
66,12734,"植物蛋白饮料,饮料",4,0,0,0,2015-01-31 08:59:12,0,0,0,,0,0,5
65,12557,"水稻,玉米,种植及加工",4,0,0,0,2015-01-31 08:59:12,0,0,0,,0,0,5
64,12369,"医药行业,医疗",4,0,0,0,2015-01-31 08:59:12,0,0,0,,0,0,5
63,2614,"母婴护理服务,口腔医院,医疗服务,保健养生产品,中医养生保健服务",4,0,0,0,2015-01-31 08:59:12,0,0,0,,0,0,5
62,2042,"有色矿产资源,有色金属冶炼与加工",4,0,0,0,2015-01-31 08:59:12,0,0,0,,0,0,5
61,2356,政策扶持的产业,0,0,,,2015-01-31 08:59:12,0,0,0,,0,0,5
60,1364,"新材料,新材料开发",0,0,,,2015-01-31 08:59:12,0,0,0,,0,0,5
59,2177,"供热,供热资源",4,0,,,2015-01-31 08:59:12,0,0,0,,0,0,5
58,1842,"矿山资源,能源及矿业",4,0,0,0,2015-01-31 08:59:12,0,0,0,,0,0,5
57,1462,无互联网平台收购计划,0,0,,,2015-01-31 08:59:12,0,0,0,,0,0,5
56,1534,"水泥,水泥制品,砂石骨料",4,0,0,0,2015-01-31 08:59:12,0,0,0,,0,0,5
55,1415,"有色金属冶炼与加工,硬质合金",4,0,0,0,2015-01-31 08:59:12,0,0,0,,0,0,5
54,2062,"海外矿产,能源与矿业",4,0,0,0,2015-01-31 08:59:12,0,0,0,,0,0,5
52,2406,"文化创意,文化传媒",4,0,0,0,2015-01-31 08:59:12,0,0,0,,0,0,5
51,1558,"网络,电源,通信,通信设备",4,0,0,0,2015-01-31 08:59:12,0,0,0,,0,0,5
50,2176,"新材料,能源,资源,环保",4,0,0,0,2015-01-31 08:59:12,0,0,0,,0,0,5
49,2176,"新材料,能源,资源,环保,节能环保",4,0,0,0,2015-01-31 08:59:12,0,0,0,,0,0,5
48,1843,医药行业,0,0,,,2015-01-31 08:59:12,0,0,0,,0,0,5
47,13014,"板材,型材,管材",4,0,0,0,2015-01-31 08:59:12,0,0,0,,0,0,5
46,2510,"基金,金融服务,信托",4,0,0,0,2015-01-31 08:59:12,0,0,0,,0,0,5
45,1333,"污水处理,污泥处理,中水回用,污染检测与治理",4,0,0,0,2015-01-31 08:59:12,0,0,0,,0,0,5
44,1572,"新能源,天然气,清洁能源",4,0,0,0,2015-01-31 08:59:12,0,0,0,,0,0,5
43,1368,"水务,供水",4,0,0,0,2015-01-31 08:59:12,0,0,0,,0,0,5
42,13133,林木资源,4,0,0,0,2015-01-31 08:59:12,0,0,0,,0,0,5
41,1436,"医药行业,医药批发,中药材",4,0,0,0,2015-01-31 08:59:12,0,0,0,,0,0,5
40,1616,战略新兴产业,0,0,,,2015-01-31 08:59:12,0,0,0,,0,0,5
39,1433,"油漆,化工原料",4,0,0,0,2015-01-31 08:59:12,0,0,0,,0,0,5
38,1879,"天然气,清洁能源",4,0,0,0,2015-01-31 08:59:12,0,0,0,,0,0,5
37,2691,"汽车整车,汽车整车",4,0,0,0,2015-01-31 08:59:12,0,0,0,,0,0,5
36,13159,"电子战环境仿真,军用,电磁信息安全防护,发电机组,电磁脉冲防御,信息安全,军用通信解决方案",4,0,0,0,2015-01-31 08:59:12,0,0,0,,0,0,5
35,1847,基础化学,0,0,,,2015-01-31 08:59:12,0,0,0,,0,0,5
33,12497,"物流,食品冷链物流",1,0,0,0,2015-01-31 08:59:12,0,0,0,,0,0,5
32,13167,电器,0,0,,,2015-01-31 08:59:12,0,0,0,,0,0,5
31,1752,新材料,0,0,,,2015-01-31 08:59:12,0,0,0,,0,0,5
30,2633,港口航运,0,0,,,2015-01-31 08:59:12,0,0,0,,0,0,5
29,2625,"能源及矿业,金属矿山",4,0,0,0,2015-01-31 08:59:12,0,0,0,,0,0,5
28,1945,"汽车运营,出租汽车,公共汽车,长途客运,客运",4,0,0,0,2015-01-31 08:59:12,0,0,0,,0,0,5
21,13104,"医药行业,医药零售",4,0,0,0,2015-01-31 08:59:12,0,0,0,,0,0,5
20,12805,"能源及矿业,金属矿山",4,0,0,0,2015-01-31 08:59:12,0,0,0,,0,0,5
19,12819,"化学工业,天然气",4,0,0,0,2015-01-31 08:59:12,0,0,0,,0,0,5
18,12592,"移动压缩机,大型商用,旋转式压缩机,家居建材",4,0,0,0,2015-01-31 08:59:12,0,0,0,,0,0,5
17,2346,水泥,0,0,,,2015-01-31 08:59:12,0,0,0,,0,0,5
16,13056,"电力装备,供电",4,0,0,0,2015-01-31 08:59:12,0,0,0,,0,0,5
15,2410,通信服务,0,0,,,2015-01-31 08:59:12,0,0,0,,0,0,5
14,2351,"服务,电子商务,电子",4,0,0,0,2015-01-31 08:59:12,0,0,0,,0,0,5
13,1389,"服务器,特种计算机,存储,信息化基础设施,信息安全",4,0,0,0,2015-01-31 08:59:12,0,0,0,,0,0,5
12,2211,B2B,4,0,0,0,2015-01-31 08:59:12,0,0,0,,0,0,5
11,2195,云服务,4,0,0,0,2015-01-31 08:59:12,0,0,0,,0,0,5
10,2217,"农业产业的战略布局,农林牧渔,农业产业链",4,0,0,0,2015-01-31 08:59:12,0,0,0,,0,0,5
9,1397,"口服剂,医药行业",4,0,0,0,2015-01-31 08:59:12,0,0,0,,0,0,5
8,2197,"清洁电力,城市固体废物处理,废物治理,危险品治理,环保",1,0,0,0,2015-01-31 08:59:12,0,0,0,,0,0,5
7,2197,"清洁电力,城市固体废物处理,环保节能,环保",1,0,0,0,2015-01-31 08:59:12,0,0,0,,0,0,5
6,2197,"清洁电力,城市固体废物处理,环保",1,0,,,2015-01-31 08:59:12,0,0,0,,0,0,5
5,2678,"中小房企,房地产",4,0,0,0,2015-01-31 08:59:12,0,0,0,,0,0,5